code|name|sec|day|time|room|lecturer
201114|Environmental Science in Today’s World วิทยาศาสตร์สิ่งแวดล้อมในโลกปัจจุบัน|001|TuF|1100-1230 -|SCB2100|ณัตติพร ยะบึง Co-Instruc เดีย พนิตนาถ แชนนอน ธนียา เจติยานุกรกุล สุทธาธร ไชยเรืองศรี ว่าน วิริยา ณัตติพร ยะบึง สุภัทรชัย ศักดิ์สกุลไกร
201114|Environmental Science in Today’s World วิทยาศาสตร์สิ่งแวดล้อมในโลกปัจจุบัน|002|TuF|1430-1600 -|CB2440|ณัตติพร ยะบึง Co-Instruc เดีย พนิตนาถ แชนนอน ธนียา เจติยานุกรกุล สุทธาธร ไชยเรืองศรี ว่าน วิริยา ณัตติพร ยะบึง สุภัทรชัย ศักดิ์สกุลไกร
201114|Environmental Science in Today’s World วิทยาศาสตร์สิ่งแวดล้อมในโลกปัจจุบัน|003|TuF|1430-1600 -|CB2440|ณัตติพร ยะบึง Co-Instruc เดีย พนิตนาถ แชนนอน ธนียา เจติยานุกรกุล สุทธาธร ไชยเรืองศรี ว่าน วิริยา ณัตติพร ยะบึง สุภัทรชัย ศักดิ์สกุลไกร
201114|Environmental Science in Today’s World วิทยาศาสตร์สิ่งแวดล้อมในโลกปัจจุบัน section นี้จัดการเรียนการสอนแบบ Modular Learning Class period 22 Jun. 2026 to 18 Oct. 2026|401|TBA|TBA-TBA -|TBA ดูแผนที่|ณัตติพร ยะบึง Co-Instruc เดีย พนิตนาถ แชนนอน ธนียา เจติยานุกรกุล สุทธาธร ไชยเรืองศรี ว่าน วิริยา ณัตติพร ยะบึง สุภัทรชัย ศักดิ์สกุลไกร
206111|Calculus 1 แคลคูลัส 1|001|MTh|0800-0930 -|SCB4201 ดูแผนที่|หทัยรัตน์ ยิ่งทวีสิทธิกุล
206111|Calculus 1 แคลคูลัส 1|002|MTh|1100-1230 -|MB2213-14|วารุนันท์ อินถาก้อน
229352|Statistical Learning for Data Science 2 การเรียนรู้เชิงสถิติสำหรับวิทยาการข้อมูล 2|001|Tu Fr|0900-1100 0900-1100|TBA SCB4202|ดลภาค พรนพรัตน์
206112|Calculus 2 แคลคูลัส 2|001|MTh|0800-0930 -|SCB1100|สมลักษณ์ อุตุดี
206112|Calculus 2 แคลคูลัส 2|002|MTh|1100-1230 -|SCB2100 ไม่รับ Add มือ|ชัยพร ตั้งทอง
206112|Calculus 2 แคลคูลัส 2|003|TuF|0930-1100 -|SCB3100|อัญชลี เข็มเพ็ชร์
206112|Calculus 2 แคลคูลัส 2|004|MTh|1100-1230 -|MB2212|เฉลิมพล บุญปก
176100|Law and Modern World กฎหมายและโลกสมัยใหม่|002|MTh|1300-1430 -|ห้องประชุมใหญ่นิติศาสตร์|กฤษณ์พชร โสมณวัตร Co-Instruc ปารณ บุญช่วย
176100|Law and Modern World กฎหมายและโลกสมัยใหม่|701|TuF|0930-1100 -|LB1402|นัทมน คงเจริญ
851100|Introduction to Communication for Entrepreneurs การสื่อสารเบื้องต้นสำหรับผู้ประกอบการ|001|MTh|0930-1100 -|MCB2301|ณหทัย แสนมงคล Co-Instruc คณาจารย์
851100|Introduction to Communication for Entrepreneurs การสื่อสารเบื้องต้นสำหรับผู้ประกอบการ|002|TuF|1300-1430 -|MCB2301|ณหทัย แสนมงคล Co-Instruc คณาจารย์
951100|Modern Life and Animation ชีวิตสมัยใหม่กับแอนนิเมชัน|001|TBA|0000-0000 -|MANGO Canvas Online|ศุภรดา ประภาวงศ์
951100|Modern Life and Animation ชีวิตสมัยใหม่กับแอนนิเมชัน|002|TBA|0000-0000 -|MANGO Canvas Online|เสฏฐี บุญชู
951100|Modern Life and Animation ชีวิตสมัยใหม่กับแอนนิเมชัน|003|TBA|0000-0000 -|MANGO Canvas Online|ศุภรดา ประภาวงศ์
951100|Modern Life and Animation ชีวิตสมัยใหม่กับแอนนิเมชัน|004|TBA|0000-0000 -|MANGO Canvas Online|เสฏฐี บุญชู
951100|Modern Life and Animation ชีวิตสมัยใหม่กับแอนนิเมชัน|005|TBA|0000-0000 -|MANGO Canvas Online|ศุภรดา ประภาวงศ์
951100|Modern Life and Animation ชีวิตสมัยใหม่กับแอนนิเมชัน|006|TBA|0000-0000 -|MANGO Canvas Online|เสฏฐี บุญชู
951100|Modern Life and Animation ชีวิตสมัยใหม่กับแอนนิเมชัน|007|TBA|0000-0000 -|MANGO Canvas Online|ศุภรดา ประภาวงศ์
951100|Modern Life and Animation ชีวิตสมัยใหม่กับแอนนิเมชัน|008|TBA|0000-0000 -|MANGO Canvas Online|เสฏฐี บุญชู
951100|Modern Life and Animation ชีวิตสมัยใหม่กับแอนนิเมชัน|009|TBA|0000-0000 -|MANGO Canvas Online|ศุภรดา ประภาวงศ์ Co-Instruc เสฏฐี บุญชู
951100|Modern Life and Animation ชีวิตสมัยใหม่กับแอนนิเมชัน section นี้จัดการเรียนการสอนแบบ Modular Learning|401|TBA|0000-0000 -|MANGO Canvas Online|ศุภรดา ประภาวงศ์ Co-Instruc เสฏฐี บุญชู
951100|Modern Life and Animation ชีวิตสมัยใหม่กับแอนนิเมชัน section นี้จัดการเรียนการสอนแบบ Modular Learning|471|TBA|0000-0000 -|MANGO Canvas Online|ศุภรดา ประภาวงศ์ Co-Instruc เสฏฐี บุญชู
951100|Modern Life and Animation ชีวิตสมัยใหม่กับแอนนิเมชัน|701|TBA|0000-0000 -|MANGO Canvas Online ดูแผนที่|เสฏฐี บุญชู Co-Instruc ศุภรดา ประภาวงศ์
229352|Statistical Learning for Data Science 2 การเรียนรู้เชิงสถิติสำหรับวิทยาการข้อมูล 2|001|Tu Fr|0900-1100 0900-1100|SCB4405-6 SCB4202|ดลภาค พรนพรัตน์
206111|Calculus 1 แคลคูลัส 1|001|MTh|1100-1230 -|SCB3100|วารุนันท์ อินถาก้อน
206111|Calculus 1 แคลคูลัส 1|002|MTh|1100-1230 -|RB5201|หทัยรัตน์ ยิ่งทวีสิทธิกุล
206111|Calculus 1 แคลคูลัส 1|003|MTh|1100-1230 -|MB2211|ปรียานุช โหนแหยม
206111|Calculus 1 แคลคูลัส 1|004|MTh|1300-1430 -|RB5101|ชัยพร ตั้งทอง
206111|Calculus 1 แคลคูลัส 1|005|MTh|0800-0930 -|SCB1100|อัญชลี เข็มเพ็ชร์
206441|Nonlinear Ordinary Differential Equations สมการเชิงอนุพันธ์สามัญไม่เชิงเส้น|001|TuF|1300-1430 -|TBA|ธีรนุช สืบเจริญ
201114|Environmental Science in Today’s World วิทยาศาสตร์สิ่งแวดล้อมในโลกปัจจุบัน|001|TuF|1100-1230 -|SCB2100 ตึก 40 ปี คณะวิทย์ฯ|สุทธาธร ไชยเรืองศรี Co-Instruc เดีย พนิตนาถ แชนนอน ธนียา เจติยานุกรกุล สุทธาธร ไชยเรืองศรี ว่าน วิริยา ณัตติพร ยะบึง สุภัทรชัย ศักดิ์สกุลไกร
201114|Environmental Science in Today’s World วิทยาศาสตร์สิ่งแวดล้อมในโลกปัจจุบัน|002|MTh|1100-1230 -|SCB3100 ตึกด้านหลังภาควิชาธรณีวิทยา|สุทธาธร ไชยเรืองศรี Co-Instruc เดีย พนิตนาถ แชนนอน ธนียา เจติยานุกรกุล สุทธาธร ไชยเรืองศรี ว่าน วิริยา ณัตติพร ยะบึง สุภัทรชัย ศักดิ์สกุลไกร
201114|Environmental Science in Today’s World วิทยาศาสตร์สิ่งแวดล้อมในโลกปัจจุบัน Teaching medium is in English/เรียนเป็นภาษาอังกฤษ|701|MTh|0930-1100 -|BB1-A101 ภาควิชาชีววิทยา|ภูมิศร์ ทับทิมแดง Co-Instruc วาทิต โคกทอง กุลภา ชนะวรรโณ ภูมิศร์ ทับทิมแดง ณัฐวุฒิ สารีอินทร์
204472|Natural Language Processing การประมวลผลภาษาธรรมชาติ|001|MTh|1100-1230 -|CSB100|ประภาพร เตชอังกูร
001201|Critical Reading and Effective Writing การอ่านอย่างมีวิจารณญาณและการเขียนอย่างมีประสิทธิภาพ|001|MTh|0800-0930 -|RB5302|คณาจารย์
001201|Critical Reading and Effective Writing การอ่านอย่างมีวิจารณญาณและการเขียนอย่างมีประสิทธิภาพ|002|MTh|0800-0930 -|RB5207|คณาจารย์
001201|Critical Reading and Effective Writing การอ่านอย่างมีวิจารณญาณและการเขียนอย่างมีประสิทธิภาพ|006|MTh|1100-1230 -|RB3308|คณาจารย์
001201|Critical Reading and Effective Writing การอ่านอย่างมีวิจารณญาณและการเขียนอย่างมีประสิทธิภาพ|008|MTh|1100-1230 -|RB3410|คณาจารย์
001201|Critical Reading and Effective Writing การอ่านอย่างมีวิจารณญาณและการเขียนอย่างมีประสิทธิภาพ|015|MTh|0930-1100 -|RB5204|คณาจารย์
001201|Critical Reading and Effective Writing การอ่านอย่างมีวิจารณญาณและการเขียนอย่างมีประสิทธิภาพ|016|MTh|0930-1100 -|RB5207|คณาจารย์
001201|Critical Reading and Effective Writing การอ่านอย่างมีวิจารณญาณและการเขียนอย่างมีประสิทธิภาพ|043|MTh|1300-1430 -|RB5102|คณาจารย์
001201|Critical Reading and Effective Writing การอ่านอย่างมีวิจารณญาณและการเขียนอย่างมีประสิทธิภาพ|044|MTh|1300-1430 -|RB5303|คณาจารย์
001201|Critical Reading and Effective Writing การอ่านอย่างมีวิจารณญาณและการเขียนอย่างมีประสิทธิภาพ|057|MTh|1430-1600 -|RB5207|คณาจารย์
001201|Critical Reading and Effective Writing การอ่านอย่างมีวิจารณญาณและการเขียนอย่างมีประสิทธิภาพ|059|MTh|1430-1600 -|RB3206|คณาจารย์
001201|Critical Reading and Effective Writing การอ่านอย่างมีวิจารณญาณและการเขียนอย่างมีประสิทธิภาพ|070|TuF|0800-0930 -|RB5410|คณาจารย์
001201|Critical Reading and Effective Writing การอ่านอย่างมีวิจารณญาณและการเขียนอย่างมีประสิทธิภาพ|071|TuF|0800-0930 -|RB5304|คณาจารย์
001201|Critical Reading and Effective Writing การอ่านอย่างมีวิจารณญาณและการเขียนอย่างมีประสิทธิภาพ|085|TuF|0930-1100 -|RB5204|คณาจารย์
001201|Critical Reading and Effective Writing การอ่านอย่างมีวิจารณญาณและการเขียนอย่างมีประสิทธิภาพ|090|TuF|0930-1100 -|RB5209|คณาจารย์
001201|Critical Reading and Effective Writing การอ่านอย่างมีวิจารณญาณและการเขียนอย่างมีประสิทธิภาพ|099|TuF|1100-1230 -|RB5309|คณาจารย์
001201|Critical Reading and Effective Writing การอ่านอย่างมีวิจารณญาณและการเขียนอย่างมีประสิทธิภาพ|100|TuF|1100-1230 -|RB5308|คณาจารย์
001201|Critical Reading and Effective Writing การอ่านอย่างมีวิจารณญาณและการเขียนอย่างมีประสิทธิภาพ|113|TuF|1300-1430 -|RB5203|คณาจารย์
001201|Critical Reading and Effective Writing การอ่านอย่างมีวิจารณญาณและการเขียนอย่างมีประสิทธิภาพ|114|TuF|1300-1430 -|RB5204|คณาจารย์
001201|Critical Reading and Effective Writing การอ่านอย่างมีวิจารณญาณและการเขียนอย่างมีประสิทธิภาพ|127|TuF|1430-1600 -|RB3208|คณาจารย์
001201|Critical Reading and Effective Writing การอ่านอย่างมีวิจารณญาณและการเขียนอย่างมีประสิทธิภาพ|128|TuF|1430-1600 -|RB5303|คณาจารย์
001201|Critical Reading and Effective Writing การอ่านอย่างมีวิจารณญาณและการเขียนอย่างมีประสิทธิภาพ|701|TBA|0000-0000 -|TBA|คณาจารย์
001201|Critical Reading and Effective Writing การอ่านอย่างมีวิจารณญาณและการเขียนอย่างมีประสิทธิภาพ|801|TBA|0000-0000 -|TBA|คณาจารย์
703103|Introduction to Entrepreneurship and Business การเป็นผู้ประกอบการและธุรกิจเบื้องต้น|001|TuF|0930-1100 -|Online|กุลสิรี โค้วสุวรรณ์ Co-Instruc วรัทยา แจ้งกระจ่าง นิยตา กาวีวงศ์ อดิศักดิ์ ธีรานุพัฒนา สิริวุฒิ บูรณพิร พิชญลักษณ์ พิชญกุล ศิรวัจน์ ธีราโสภณพงศ์ รอม แพสุวรรณ วรรณัย สายประเสริฐ กันตธัช อัมรานนท์ เขมกร ไชยประสิทธิ์ ศรัญญา กันตะบุตร ดำรงศักดิ์ นภารัตน์ สายนที เฉินบำรุง
703103|Introduction to Entrepreneurship and Business การเป็นผู้ประกอบการและธุรกิจเบื้องต้น|002|TuF|1100-1230 -|Online|ศิรวัจน์ ธีราโสภณพงศ์ Co-Instruc วรัทยา แจ้งกระจ่าง นิยตา กาวีวงศ์ อดิศักดิ์ ธีรานุพัฒนา สิริวุฒิ บูรณพิร พิชญลักษณ์ พิชญกุล รอม แพสุวรรณ วรรณัย สายประเสริฐ กันตธัช อัมรานนท์ เขมกร ไชยประสิทธิ์ ศรัญญา กันตะบุตร กุลสิรี โค้วสุวรรณ์ ดำรงศักดิ์ นภารัตน์ สายนที เฉินบำรุง
703103|Introduction to Entrepreneurship and Business การเป็นผู้ประกอบการและธุรกิจเบื้องต้น|003|MTh|0930-1100 -|Online|กุลสิรี โค้วสุวรรณ์ Co-Instruc วรัทยา แจ้งกระจ่าง นิยตา กาวีวงศ์ อดิศักดิ์ ธีรานุพัฒนา สิริวุฒิ บูรณพิร พิชญลักษณ์ พิชญกุล ศิรวัจน์ ธีราโสภณพงศ์ รอม แพสุวรรณ วรรณัย สายประเสริฐ กันตธัช อัมรานนท์ เขมกร ไชยประสิทธิ์ ศรัญญา กันตะบุตร ดำรงศักดิ์ นภารัตน์ สายนที เฉินบำรุง
703103|Introduction to Entrepreneurship and Business การเป็นผู้ประกอบการและธุรกิจเบื้องต้น|004|MTh|1100-1230 -|Online|กุลสิรี โค้วสุวรรณ์ Co-Instruc วรัทยา แจ้งกระจ่าง นิยตา กาวีวงศ์ อดิศักดิ์ ธีรานุพัฒนา สิริวุฒิ บูรณพิร พิชญลักษณ์ พิชญกุล ศิรวัจน์ ธีราโสภณพงศ์ รอม แพสุวรรณ วรรณัย สายประเสริฐ กันตธัช อัมรานนท์ เขมกร ไชยประสิทธิ์ ศรัญญา กันตะบุตร ดำรงศักดิ์ นภารัตน์ สายนที เฉินบำรุง
703103|Introduction to Entrepreneurship and Business การเป็นผู้ประกอบการและธุรกิจเบื้องต้น|801|Sa|0900-1200 -|Online|ศิรวัจน์ ธีราโสภณพงศ์ Co-Instruc วรัทยา แจ้งกระจ่าง นิยตา กาวีวงศ์ อดิศักดิ์ ธีรานุพัฒนา สิริวุฒิ บูรณพิร พิชญลักษณ์ พิชญกุล รอม แพสุวรรณ วรรณัย สายประเสริฐ กันตธัช อัมรานนท์ เขมกร ไชยประสิทธิ์ ศรัญญา กันตะบุตร กุลสิรี โค้วสุวรรณ์ ดำรงศักดิ์ นภารัตน์ สายนที เฉินบำรุง
204100|Artificial Intelligence and Digital Essentials เรื่องน่ารู้ทางปัญญาประดิษฐ์และดิจิทัล|001|TBA|0000-0000 -|Mango|กมลภพ ศรีโสภา
204100|Artificial Intelligence and Digital Essentials เรื่องน่ารู้ทางปัญญาประดิษฐ์และดิจิทัล|002|TBA|0000-0000 -|Mango|ปราการ อุณจักร
204100|Artificial Intelligence and Digital Essentials เรื่องน่ารู้ทางปัญญาประดิษฐ์และดิจิทัล|003|TBA|0000-0000 -|Mango|ประภาพร เตชอังกูร
204100|Artificial Intelligence and Digital Essentials เรื่องน่ารู้ทางปัญญาประดิษฐ์และดิจิทัล|701|TBA|0000-0000 -|Mango|กมลภพ ศรีโสภา Co-Instruc ประภาพร เตชอังกูร ปราการ อุณจักร
204100|Artificial Intelligence and Digital Essentials เรื่องน่ารู้ทางปัญญาประดิษฐ์และดิจิทัล|801|Sa|0900-1200 -|Mango|กมลภพ ศรีโสภา Co-Instruc ประภาพร เตชอังกูร ปราการ อุณจักร
206111|Calculus 1 แคลคูลัส 1|001|MTh|1100-1230 -|SCB3100|วารุนันท์ อินถาก้อน
206111|Calculus 1 แคลคูลัส 1|002|MTh|1100-1230 -|RB5201|หทัยรัตน์ ยิ่งทวีสิทธิกุล
206111|Calculus 1 แคลคูลัส 1|003|MTh|1100-1230 -|MB2211|อัญชลี เข็มเพ็ชร์
206111|Calculus 1 แคลคูลัส 1|004|MTh|1300-1430 -|MB2211|ชัยพร ตั้งทอง
206111|Calculus 1 แคลคูลัส 1|005|MTh|0800-0930 -|SCB1100|เป็นหญิง โรจนกุล
851103|Life and Society through Media ชีวิตและสังคมผ่านสื่อ|001|MTh|1300-1430 -|MCB2301|ปิยะพงษ์ อิงไธสง Co-Instruc นันทสิทธิ์ กิตติวรากูล
851103|Life and Society through Media ชีวิตและสังคมผ่านสื่อ|801|Sa|0900-1200 -|BAB1322|ปิยะพงษ์ อิงไธสง Co-Instruc พุทธชาติ หงสกุล ณหทัย แสนมงคล
207187|Physics 1 ฟิสิกส์ 1|001|TuF|0800-0930 -|PB1-230|จตุพร สายสุด Co-Instruc อุดมรัตน์ ทิพวรรณ
204471|Artificial Intelligence ปัญญาประดิษฐ์|001|MTh|1300-1430 -|CSB209|ปราการ อุณจักร
851100|Introduction to Communication for Entrepreneurs การสื่อสารเบื้องต้นสำหรับผู้ประกอบการ|001|TuF|1430-1600 -|MCB2301|ณหทัย แสนมงคล Co-Instruc คณาจารย์
851100|Introduction to Communication for Entrepreneurs การสื่อสารเบื้องต้นสำหรับผู้ประกอบการ Teaching medium is in English/เรียนเป็นภาษาอังกฤษ|002|TuF|0930-1100 -|MCB2311|ณฐนันท์ กาญจนคูหา Co-Instruc ร่มธรรม ศรีสุโข
851100|Introduction to Communication for Entrepreneurs การสื่อสารเบื้องต้นสำหรับผู้ประกอบการ Teaching medium is in English/เรียนเป็นภาษาอังกฤษ|701|TuF|1430-1600 -|MCB2305|อภิภู กิติกำธร Co-Instruc อัคริมา นันทนาสิทธิ์
204320|Database Management การจัดการฐานข้อมูล|001|Tu Fr|0900-1100 0900-1100|CSB210 CSB301|วิจักษณ์ ศรีสัจจะเลิศวาจา
204381|Numerical Computation and Software การคำนวณเชิงตัวเลขและซอฟต์แวร์|001|MTh|0800-0930 -|TBA|จักรเมธ บุตรกระจ่าง
206470|Probability 2 ความน่าจะเป็น 2|001|MTh|1300-1430 -|SCB4302|ภาคภูมิ เพ็ชรประดับ
057137|Sports for Health กีฬาเพื่อสุขภาพ|001|TuF|0930-1100 -|EB9202 ชั้น 2 อาคาร 9|สราวุฒิ พงษ์พิพัฒน์
229323|Data Manipulation for Data Science การจัดดำเนินการข้อมูลสำหรับด้านวิทยาการข้อมูล|001|Mo Th|1230-1430 1230-1430|CSB307 CSB207|เสมอแข สมหอม
229323|Data Manipulation for Data Science การจัดดำเนินการข้อมูลสำหรับด้านวิทยาการข้อมูล|002|Mo Th|1230-1430 1230-1430|CSB308 CSB210|เมทินี เขียวกันยะ
206471|Introduction to Actuarial Mathematics คณิตศาสตร์ประกันภัยเบื้องต้น|001|MTh|1100-1230 -|SCB4301|ภาคภูมิ เพ็ชรประดับ
204320|Database Management การจัดการฐานข้อมูล|001|Mo Th|0800-1000 0800-1000|CSB210 CSB308|วิจักษณ์ ศรีสัจจะเลิศวาจา
204320|Database Management การจัดการฐานข้อมูล|002|Mo Th|0800-1000 0800-1000|CSB100 CSB307|ดุษฎี ประเสริฐธิติพงษ์
851100|Introduction to Communication for Entrepreneurs การสื่อสารเบื้องต้นสำหรับผู้ประกอบการ|001|MTh|0930-1100 -|MCB2301|ณหทัย แสนมงคล Co-Instruc คณาจารย์ อัคริมา นันทนาสิทธิ์
851100|Introduction to Communication for Entrepreneurs การสื่อสารเบื้องต้นสำหรับผู้ประกอบการ|002|TuF|1300-1430 -|MCB2301|ณหทัย แสนมงคล Co-Instruc คณาจารย์ ศุภฤกษ์ โพธิไพรัตนา
204306|Ethics for Computer Professionals จริยธรรมสำหรับผู้ประกอบวิชาชีพคอมพิวเตอร์|001|Th|0830-0930 -|CSB100|วรวุฒิ ศรีสุขคำ
206355|Numerical Method วิธีเชิงตัวเลข Teaching medium is in English/เรียนเป็นภาษาอังกฤษ|001|MTh|1100-1230 -|SCB4303 ดูแผนที่|ณัฐพล พลอยมะกล่ำ
229123|Fundamental Concept of Data Science แนวคิดพื้นฐานของวิทยาการข้อมูล|001|MTh|0800-0930 -|GB100|พิมผกา ธานินพงศ์
206300|Mathematics of Finance and Insurance คณิตศาสตร์การเงินและการประกันภัย|001|TuF|0930-1100 -|MB2213-14|ณัฐกร สุคันธมาลา
204453|Pattern Recognition การรู้จำแบบ|001|Mo Th|1430-1630 1430-1630|CSB201 CSB303|ชุมพล บุญคุ้มพรภัทร
140104|Citizenship การเป็นพลเมือง|001|MTh|0930-1100 -|Online|ชนินทร เพ็ญสูตร
140104|Citizenship การเป็นพลเมือง|002|MTh|1100-1230 -|Online|ชนินทร เพ็ญสูตร
140104|Citizenship การเป็นพลเมือง|003|MTh|1300-1430 -|Online|ไพลิน ภู่จีนาพันธุ์
140104|Citizenship การเป็นพลเมือง|004|MTh|1430-1600 -|Online|ชนินทร เพ็ญสูตร
140104|Citizenship การเป็นพลเมือง|005|MTh|1430-1600 -|Online|ไพลิน ภู่จีนาพันธุ์
140104|Citizenship การเป็นพลเมือง|006|TuF|0930-1100 -|Online|ชนินทร เพ็ญสูตร
140104|Citizenship การเป็นพลเมือง|007|TuF|1100-1230 -|Online|ชนินทร เพ็ญสูตร
140104|Citizenship การเป็นพลเมือง|008|TuF|1300-1430 -|Online|ไพลิน ภู่จีนาพันธุ์
140104|Citizenship การเป็นพลเมือง|009|TuF|1430-1600 -|Online|ไพลิน ภู่จีนาพันธุ์
140104|Citizenship การเป็นพลเมือง|010|TuF|0930-1100 -|Online|ชนินทร เพ็ญสูตร
140104|Citizenship การเป็นพลเมือง|011|TuF|1100-1230 -|Online|ชนินทร เพ็ญสูตร
140104|Citizenship การเป็นพลเมือง|012|TuF|1300-1430 -|Online|ไพลิน ภู่จีนาพันธุ์
140104|Citizenship การเป็นพลเมือง|013|TuF|1430-1600 -|Online|ไพลิน ภู่จีนาพันธุ์
140104|Citizenship การเป็นพลเมือง|014|TuF|1100-1230 -|Online|ชนินทร เพ็ญสูตร
140104|Citizenship การเป็นพลเมือง|015|TuF|1300-1430 -|ออนไลน์|ไพลิน ภู่จีนาพันธุ์
140104|Citizenship การเป็นพลเมือง Teaching medium is in English/เรียนเป็นภาษาอังกฤษ|701|MTh|1430-1600 -|Online|ภาณุวัฒน์ พันธุ์ประเสริฐ
140104|Citizenship การเป็นพลเมือง|802|MTh|1430-1600 -|ออนไลน์|ไพลิน ภู่จีนาพันธุ์
140104|Citizenship การเป็นพลเมือง|803|TuF|1430-1600 -|ออนไลน์|ชนินทร เพ็ญสูตร
204383|Image Processing การประมวลผลภาพ|001|TuF|1100-1230 -|CSB209|วาริน เชาวทัต
206355|Numerical Method วิธีเชิงตัวเลข Teaching medium is in English/เรียนเป็นภาษาอังกฤษ|001|MTh|1100-1230 -|SCB4201|สุทธิดา วงศ์แก้ว
176100|Law and Modern World กฎหมายและโลกสมัยใหม่|002|MTh|1300-1430 -|ห้องประชุมใหญ่นิติศาสตร์|กฤษณ์พชร โสมณวัตร
176100|Law and Modern World กฎหมายและโลกสมัยใหม่|701|TuF|0930-1100 -|LB1402|นัทมน คงเจริญ
202101|Basic Biology 1 ชีววิทยาพื้นฐาน 1|001|MTh|0930-1100 -|PB2100 ดูแผนที่|อุษาวดี ชนสุต Co-Instruc อิทธญากรณ์ พรหมพุทธา สุทธาธร ไชยเรืองศรี อรุโณทัย จำปีทอง สวัสดิ์ สนิทจันทร์ จารุณี จูงกลาง มัสลิน โอสถานันต์กุล
202101|Basic Biology 1 ชีววิทยาพื้นฐาน 1|002|MTh|1430-1600 -|PB2100 ดูแผนที่|อุษาวดี ชนสุต Co-Instruc อิทธญากรณ์ พรหมพุทธา สุทธาธร ไชยเรืองศรี อรุโณทัย จำปีทอง สวัสดิ์ สนิทจันทร์ จารุณี จูงกลาง มัสลิน โอสถานันต์กุล
202101|Basic Biology 1 ชีววิทยาพื้นฐาน 1|003|TuF|1100-1230 -|SCB3100 ดูแผนที่|อุษาวดี ชนสุต Co-Instruc อิทธญากรณ์ พรหมพุทธา สุทธาธร ไชยเรืองศรี อรุโณทัย จำปีทอง สวัสดิ์ สนิทจันทร์ จารุณี จูงกลาง มัสลิน โอสถานันต์กุล
202101|Basic Biology 1 ชีววิทยาพื้นฐาน 1|701|We|0900-1200 -|BB-1100 ดูแผนที่|สหัสชัย อินวงศ์วาร Co-Instruc นิลิตา มุขแจ้ง MARK RICHARD HERSE จารุณี จูงกลาง
202101|Basic Biology 1 ชีววิทยาพื้นฐาน 1|001|MTh|0930-1100 -|PB2100|อุษาวดี ชนสุต Co-Instruc อิทธญากรณ์ พรหมพุทธา สุทธาธร ไชยเรืองศรี อรุโณทัย จำปีทอง สวัสดิ์ สนิทจันทร์ จารุณี จูงกลาง มัสลิน โอสถานันต์กุล
202101|Basic Biology 1 ชีววิทยาพื้นฐาน 1|002|MTh|1430-1600 -|PB2100|อุษาวดี ชนสุต Co-Instruc อิทธญากรณ์ พรหมพุทธา สุทธาธร ไชยเรืองศรี อรุโณทัย จำปีทอง สวัสดิ์ สนิทจันทร์ จารุณี จูงกลาง มัสลิน โอสถานันต์กุล
202101|Basic Biology 1 ชีววิทยาพื้นฐาน 1|003|TuF|1100-1230 -|SCB3100|อุษาวดี ชนสุต Co-Instruc อิทธญากรณ์ พรหมพุทธา สุทธาธร ไชยเรืองศรี อรุโณทัย จำปีทอง สวัสดิ์ สนิทจันทร์ จารุณี จูงกลาง มัสลิน โอสถานันต์กุล
202101|Basic Biology 1 ชีววิทยาพื้นฐาน 1|701|We|0900-1200 -|BB-1100|สหัสชัย อินวงศ์วาร Co-Instruc ประสิทธิ์ วังภคพัฒนวงศ์ กนกพร แสนเพชร อุษาวดี ชนสุต จารุณี จูงกลาง
229351|Statistical Learning for Data Science 1 การเรียนรู้เชิงสถิติสำหรับวิทยาการข้อมูล 1|001|Mo Th|0900-1100 0900-1100|SCB4202 SCB4405-06 ดูแผนที่|สิปปนนท์ กิติมูล
229352|Statistical Learning for Data Science 2 การเรียนรู้เชิงสถิติสำหรับวิทยาการข้อมูล 2|001|Tu Fr|0900-1100 0900-1100|SCB4405-06 STB205|ดลภาค พรนพรัตน์
206112|Calculus 2 แคลคูลัส 2|001|M-F|1300-1430 -|SCB3100 (ภาควิชาธรณี)|อัญชลี เข็มเพ็ชร์ Co-Instruc วารุนันท์ อินถาก้อน
206112|Calculus 2 แคลคูลัส 2|002|M-F|1300-1430 -|MB2213-14|เฉลิมพล บุญปก
204217|Computer Programming Languages ภาษาโปรแกรมคอมพิวเตอร์|001|Fr Tu|1230-1430 1230-1430|CSB209 CSB308|สุธาสินี โทวุฒิกุล
204217|Computer Programming Languages ภาษาโปรแกรมคอมพิวเตอร์|002|Fr Tu|1230-1430 1230-1430|CSB201 CSB303|วาสนา นัยโพธิ์
001102|Fundamental English 2 ภาษาอังกฤษพื้นฐาน 2|004|MTh|0800-0930 -|RB3302|คณาจารย์
001102|Fundamental English 2 ภาษาอังกฤษพื้นฐาน 2|008|TuF|1300-1430 -|RB5207|คณาจารย์
001102|Fundamental English 2 ภาษาอังกฤษพื้นฐาน 2|009|TuF|1430-1600 -|RB5202|คณาจารย์
001102|Fundamental English 2 ภาษาอังกฤษพื้นฐาน 2|011|TuF|0800-0930 -|EB2304M|คณาจารย์
001102|Fundamental English 2 ภาษาอังกฤษพื้นฐาน 2|012|TuF|1300-1430 -|RB5209|คณาจารย์
001102|Fundamental English 2 ภาษาอังกฤษพื้นฐาน 2|016|TuF|1300-1430 -|RB5411|คณาจารย์
001102|Fundamental English 2 ภาษาอังกฤษพื้นฐาน 2|020|TuF|0800-0930 -|HB6410|คณาจารย์
001102|Fundamental English 2 ภาษาอังกฤษพื้นฐาน 2|021|TuF|0800-0930 -|RB3209|คณาจารย์
001102|Fundamental English 2 ภาษาอังกฤษพื้นฐาน 2|023|MTh|0800-0930 -|RB5404|คณาจารย์
001102|Fundamental English 2 ภาษาอังกฤษพื้นฐาน 2|027|MTh|1300-1430 -|RB3207|คณาจารย์
001102|Fundamental English 2 ภาษาอังกฤษพื้นฐาน 2|028|TuF|1300-1430 -|RB5408|คณาจารย์
001102|Fundamental English 2 ภาษาอังกฤษพื้นฐาน 2|029|TuF|1430-1600 -|RB5208|คณาจารย์
001102|Fundamental English 2 ภาษาอังกฤษพื้นฐาน 2|030|MTh|0930-1100 -|RB3210|คณาจารย์
001102|Fundamental English 2 ภาษาอังกฤษพื้นฐาน 2|032|MTh|1300-1430 -|RB3307|คณาจารย์
001102|Fundamental English 2 ภาษาอังกฤษพื้นฐาน 2|038|TuF|1100-1230 -|RB3203|คณาจารย์
001102|Fundamental English 2 ภาษาอังกฤษพื้นฐาน 2|040|MTh|1300-1430 -|RB5302|คณาจารย์
001102|Fundamental English 2 ภาษาอังกฤษพื้นฐาน 2|041|TuF|0800-0930 -|HB7506|คณาจารย์
001102|Fundamental English 2 ภาษาอังกฤษพื้นฐาน 2|043|TuF|1100-1230 -|RB3209|คณาจารย์
001102|Fundamental English 2 ภาษาอังกฤษพื้นฐาน 2|044|TuF|1100-1230 -|RB3202|คณาจารย์
001102|Fundamental English 2 ภาษาอังกฤษพื้นฐาน 2|045|TuF|0800-0930 -|TBA (RB5103)|คณาจารย์
001102|Fundamental English 2 ภาษาอังกฤษพื้นฐาน 2|701|MTh|0800-0930 -|RB3206|คณาจารย์
001102|Fundamental English 2 ภาษาอังกฤษพื้นฐาน 2|703|MTh|0800-0930 -|RB5205|คณาจารย์
001102|Fundamental English 2 ภาษาอังกฤษพื้นฐาน 2|704|MTh|1430-1600 -|RB5410|คณาจารย์
001102|Fundamental English 2 ภาษาอังกฤษพื้นฐาน 2|705|MTh|1430-1600 -|RB3405|คณาจารย์
202101|Basic Biology 1 ชีววิทยาพื้นฐาน 1|001|TuF|0800-0930 -|PB2100|อุษาวดี ชนสุต Co-Instruc อิทธญากรณ์ พรหมพุทธา สุทธาธร ไชยเรืองศรี อรุโณทัย จำปีทอง สวัสดิ์ สนิทจันทร์ จารุณี จูงกลาง มัสลิน โอสถานันต์กุล
176100|Law and Modern World กฎหมายและโลกสมัยใหม่|001|MTh|1430-1600 -|LB1403|กฤษณ์พชร โสมณวัตร
176100|Law and Modern World กฎหมายและโลกสมัยใหม่|701|TuF|0930-1100 -|LB1402|นัทมน คงเจริญ
201190|Critical Thinking, Problem Solving and Science Communication การคิดอย่างมีวิจารณญาณ การแก้ปัญหา และการสื่อสารทางวิทยาศาสตร์|001|MTh|1300-1430 -|SCB3100|ณัฐวัชร์ สนธิชัย Co-Instruc ณัฐวัชร์ สนธิชัย ศุภณัฐ ชัยดี นิธิวดี ไทยเจริญ ณัตติพร ยะบึง
201190|Critical Thinking, Problem Solving and Science Communication การคิดอย่างมีวิจารณญาณ การแก้ปัญหา และการสื่อสารทางวิทยาศาสตร์|002|TuF|1300-1430 -|SCB3100(ตึกหลังภาควิชาธรณีวิทยา)|ณัฐวัชร์ สนธิชัย Co-Instruc ประสิทธิ์ วังภคพัฒนวงศ์ สิทธิศักดิ์ อินทรสิทธิ์ ณัฐวัชร์ สนธิชัย ณัตติพร ยะบึง
201190|Critical Thinking, Problem Solving and Science Communication การคิดอย่างมีวิจารณญาณ การแก้ปัญหา และการสื่อสารทางวิทยาศาสตร์|001|MTh|1300-1430 -|IMB4406(ภาควิชาเคมีอุตสาหกรรม)|ณัฐวัชร์ สนธิชัย Co-Instruc ณัฐวัชร์ สนธิชัย ศุภณัฐ ชัยดี นิธิวดี ไทยเจริญ ณัตติพร ยะบึง
201190|Critical Thinking, Problem Solving and Science Communication การคิดอย่างมีวิจารณญาณ การแก้ปัญหา และการสื่อสารทางวิทยาศาสตร์|002|TuF|1300-1430 -|SCB3100(ตึกหลังภาควิชาธรณีวิทยา)|ณัฐวัชร์ สนธิชัย Co-Instruc ประสิทธิ์ วังภคพัฒนวงศ์ สิทธิศักดิ์ อินทรสิทธิ์ ณัฐวัชร์ สนธิชัย ณัตติพร ยะบึง
206370|Probability 1 ความน่าจะเป็น 1|001|MTh|0930-1100 -|MB2212|นวินดา ฉัตรสกุลพรหม
203103|General Chemistry 1 เคมีทั่วไป 1|001|MTh|0930-1100 -|CB2440|ชำนิ แสงภักดี Co-Instruc สิทธิชัย วิโรจนุปถัมภ์ สรพงษ์ จันทร์หอม
203103|General Chemistry 1 เคมีทั่วไป 1|002|MTh|0800-0930 -|CB1220|ชำนิ แสงภักดี Co-Instruc ชมนาด สวาสดิ์มิตร ปิยรัตน์ นิมมานพิภักดิ์ ณปภา พรหมสวรรค์
203103|General Chemistry 1 เคมีทั่วไป 1|801|TuF|1630-1800 -|ENG311|สรพงษ์ จันทร์หอม Co-Instruc ปะราลี แว่นแก้ว
229351|Statistical Learning for Data Science 1 การเรียนรู้เชิงสถิติสำหรับวิทยาการข้อมูล 1|001|Mo Th|0900-1100 0900-1100|SCB4202 SCB4405-06|ดลภาค พรนพรัตน์
203103|General Chemistry 1 เคมีทั่วไป 1|001|TuF|0800-0930 -|CB1320|ชำนิ แสงภักดี Co-Instruc นุชนิภา นันทะวงศ์ วิมล นาคสาทา สิทธิชัย วิโรจนุปถัมภ์ ปะราลี แว่นแก้ว สุรินทร์ สายปัญญา รุ้งลาวัลย์ สมสุนันท์
203103|General Chemistry 1 เคมีทั่วไป 1|002|TuF|1430-1600 -|CB1320|ชำนิ แสงภักดี Co-Instruc นุชนิภา นันทะวงศ์ วิมล นาคสาทา สิทธิชัย วิโรจนุปถัมภ์ ปะราลี แว่นแก้ว สุรินทร์ สายปัญญา รุ้งลาวัลย์ สมสุนันท์
203103|General Chemistry 1 เคมีทั่วไป 1|003|TuF|0930-1100 -|CB1320|ชำนิ แสงภักดี Co-Instruc นุชนิภา นันทะวงศ์ วิมล นาคสาทา สิทธิชัย วิโรจนุปถัมภ์ ปะราลี แว่นแก้ว สุรินทร์ สายปัญญา รุ้งลาวัลย์ สมสุนันท์
203103|General Chemistry 1 เคมีทั่วไป 1 Teaching medium is in English/เรียนเป็นภาษาอังกฤษ|701|TuF|1100-1230 -|CB1310|สิทธิชัย วิโรจนุปถัมภ์ Co-Instruc อภินภัส รุจิวัตร์
001101|Fundamental English 1 ภาษาอังกฤษพื้นฐาน 1|001|MTh|0800-0930 -|RB5304|คณาจารย์
001101|Fundamental English 1 ภาษาอังกฤษพื้นฐาน 1|003|MTh|0800-0930 -|RB3403|คณาจารย์
001101|Fundamental English 1 ภาษาอังกฤษพื้นฐาน 1|004|MTh|0800-0930 -|RB5403|คณาจารย์
001101|Fundamental English 1 ภาษาอังกฤษพื้นฐาน 1|005|MTh|0800-0930 -|RB5407|คณาจารย์
001101|Fundamental English 1 ภาษาอังกฤษพื้นฐาน 1|006|MTh|0800-0930 -|RB3210|คณาจารย์
001101|Fundamental English 1 ภาษาอังกฤษพื้นฐาน 1|007|MTh|0800-0930 -|RB5308|คณาจารย์
001101|Fundamental English 1 ภาษาอังกฤษพื้นฐาน 1|008|MTh|0800-0930 -|RB5310|คณาจารย์
001101|Fundamental English 1 ภาษาอังกฤษพื้นฐาน 1|009|MTh|0800-0930 -|RB5405|คณาจารย์
001101|Fundamental English 1 ภาษาอังกฤษพื้นฐาน 1|010|MTh|0800-0930 -|RB3211|คณาจารย์
001101|Fundamental English 1 ภาษาอังกฤษพื้นฐาน 1|011|MTh|0800-0930 -|RB5408|คณาจารย์
001101|Fundamental English 1 ภาษาอังกฤษพื้นฐาน 1|012|MTh|0930-1100 -|RB3411|คณาจารย์
001101|Fundamental English 1 ภาษาอังกฤษพื้นฐาน 1|013|MTh|0930-1100 -|RB5405|คณาจารย์
001101|Fundamental English 1 ภาษาอังกฤษพื้นฐาน 1|014|MTh|0930-1100 -|RB3405|คณาจารย์
001101|Fundamental English 1 ภาษาอังกฤษพื้นฐาน 1|015|MTh|0930-1100 -|RB3403|คณาจารย์
001101|Fundamental English 1 ภาษาอังกฤษพื้นฐาน 1|016|MTh|0930-1100 -|RB5309|คณาจารย์
001101|Fundamental English 1 ภาษาอังกฤษพื้นฐาน 1|017|MTh|0930-1100 -|RB3410|คณาจารย์
001101|Fundamental English 1 ภาษาอังกฤษพื้นฐาน 1|018|MTh|0930-1100 -|RB5205|คณาจารย์
001101|Fundamental English 1 ภาษาอังกฤษพื้นฐาน 1|019|MTh|0930-1100 -|RB3402|คณาจารย์
001101|Fundamental English 1 ภาษาอังกฤษพื้นฐาน 1|020|MTh|0930-1100 -|RB5310|คณาจารย์
001101|Fundamental English 1 ภาษาอังกฤษพื้นฐาน 1|021|MTh|1100-1230 -|RB3411|คณาจารย์
001101|Fundamental English 1 ภาษาอังกฤษพื้นฐาน 1|022|MTh|1100-1230 -|RB3405|คณาจารย์
001101|Fundamental English 1 ภาษาอังกฤษพื้นฐาน 1|023|MTh|1100-1230 -|RB5207|คณาจารย์
001101|Fundamental English 1 ภาษาอังกฤษพื้นฐาน 1|024|MTh|1100-1230 -|RB5404|คณาจารย์
001101|Fundamental English 1 ภาษาอังกฤษพื้นฐาน 1|025|MTh|1100-1230 -|RB5402|คณาจารย์
001101|Fundamental English 1 ภาษาอังกฤษพื้นฐาน 1|026|MTh|1100-1230 -|RB5308|คณาจารย์
001101|Fundamental English 1 ภาษาอังกฤษพื้นฐาน 1|027|MTh|1100-1230 -|RB5205|คณาจารย์
001101|Fundamental English 1 ภาษาอังกฤษพื้นฐาน 1|028|MTh|1100-1230 -|RB3206|คณาจารย์
001101|Fundamental English 1 ภาษาอังกฤษพื้นฐาน 1|029|MTh|1300-1430 -|RB5411|คณาจารย์
001101|Fundamental English 1 ภาษาอังกฤษพื้นฐาน 1|030|MTh|1300-1430 -|RB5402|คณาจารย์
001101|Fundamental English 1 ภาษาอังกฤษพื้นฐาน 1|031|MTh|1300-1430 -|RB3309|คณาจารย์
001101|Fundamental English 1 ภาษาอังกฤษพื้นฐาน 1|032|MTh|1300-1430 -|RB3411|คณาจารย์
001101|Fundamental English 1 ภาษาอังกฤษพื้นฐาน 1|033|MTh|1300-1430 -|RB3402|คณาจารย์
001101|Fundamental English 1 ภาษาอังกฤษพื้นฐาน 1|034|MTh|1300-1430 -|RB3410|คณาจารย์
001101|Fundamental English 1 ภาษาอังกฤษพื้นฐาน 1|035|MTh|1300-1430 -|RB5409|คณาจารย์
001101|Fundamental English 1 ภาษาอังกฤษพื้นฐาน 1|036|MTh|1430-1600 -|RB5411|คณาจารย์
001101|Fundamental English 1 ภาษาอังกฤษพื้นฐาน 1|037|MTh|1430-1600 -|RB5302|คณาจารย์
001101|Fundamental English 1 ภาษาอังกฤษพื้นฐาน 1|038|MTh|1430-1600 -|HB6420|คณาจารย์
001101|Fundamental English 1 ภาษาอังกฤษพื้นฐาน 1|039|MTh|1430-1600 -|RB3310|คณาจารย์
001101|Fundamental English 1 ภาษาอังกฤษพื้นฐาน 1|040|MTh|1430-1600 -|RB5205|คณาจารย์
001101|Fundamental English 1 ภาษาอังกฤษพื้นฐาน 1|043|MTh|1430-1600 -|RB3403|คณาจารย์
001101|Fundamental English 1 ภาษาอังกฤษพื้นฐาน 1|044|TuF|0800-0930 -|RB5403|คณาจารย์
001101|Fundamental English 1 ภาษาอังกฤษพื้นฐาน 1|045|TuF|0800-0930 -|RB5204|คณาจารย์
001101|Fundamental English 1 ภาษาอังกฤษพื้นฐาน 1|046|TuF|0800-0930 -|RB5307|คณาจารย์
001101|Fundamental English 1 ภาษาอังกฤษพื้นฐาน 1|047|TuF|0800-0930 -|RB3310|คณาจารย์
001101|Fundamental English 1 ภาษาอังกฤษพื้นฐาน 1|048|TuF|0800-0930 -|RB5308|คณาจารย์
001101|Fundamental English 1 ภาษาอังกฤษพื้นฐาน 1|049|TuF|0800-0930 -|RB5206|คณาจารย์
001101|Fundamental English 1 ภาษาอังกฤษพื้นฐาน 1|050|TuF|0800-0930 -|RB3401|คณาจารย์
001101|Fundamental English 1 ภาษาอังกฤษพื้นฐาน 1|051|TuF|0800-0930 -|RB5411|คณาจารย์
001101|Fundamental English 1 ภาษาอังกฤษพื้นฐาน 1|052|TuF|0800-0930 -|RB5207|คณาจารย์
001101|Fundamental English 1 ภาษาอังกฤษพื้นฐาน 1|053|TuF|0800-0930 -|RB5408|คณาจารย์
001101|Fundamental English 1 ภาษาอังกฤษพื้นฐาน 1|054|TuF|0800-0930 -|RB3402|คณาจารย์
001101|Fundamental English 1 ภาษาอังกฤษพื้นฐาน 1|055|TuF|0930-1100 -|RB3206|คณาจารย์
001101|Fundamental English 1 ภาษาอังกฤษพื้นฐาน 1|056|TuF|0930-1100 -|RB5404|คณาจารย์
001101|Fundamental English 1 ภาษาอังกฤษพื้นฐาน 1|057|TuF|0930-1100 -|RB3409|คณาจารย์
001101|Fundamental English 1 ภาษาอังกฤษพื้นฐาน 1|058|TuF|0930-1100 -|RB5303|คณาจารย์
001101|Fundamental English 1 ภาษาอังกฤษพื้นฐาน 1|059|TuF|0930-1100 -|RB5406|คณาจารย์
001101|Fundamental English 1 ภาษาอังกฤษพื้นฐาน 1|060|TuF|0930-1100 -|HB6440|คณาจารย์
001101|Fundamental English 1 ภาษาอังกฤษพื้นฐาน 1|061|TuF|0930-1100 -|RB5403|คณาจารย์
001101|Fundamental English 1 ภาษาอังกฤษพื้นฐาน 1|062|TuF|0930-1100 -|RB5207|คณาจารย์
001101|Fundamental English 1 ภาษาอังกฤษพื้นฐาน 1|063|TuF|1100-1230 -|RB3206|คณาจารย์
001101|Fundamental English 1 ภาษาอังกฤษพื้นฐาน 1|064|TuF|1100-1230 -|RB5404|คณาจารย์
001101|Fundamental English 1 ภาษาอังกฤษพื้นฐาน 1|065|TuF|1100-1230 -|RB5303|คณาจารย์
001101|Fundamental English 1 ภาษาอังกฤษพื้นฐาน 1|066|TuF|1100-1230 -|RB5307|คณาจารย์
001101|Fundamental English 1 ภาษาอังกฤษพื้นฐาน 1|067|TuF|1100-1230 -|RB5403|คณาจารย์
001101|Fundamental English 1 ภาษาอังกฤษพื้นฐาน 1|068|TuF|1100-1230 -|RB5206|คณาจารย์
001101|Fundamental English 1 ภาษาอังกฤษพื้นฐาน 1|069|TuF|1100-1230 -|RB5410|คณาจารย์
001101|Fundamental English 1 ภาษาอังกฤษพื้นฐาน 1|070|TuF|1100-1230 -|RB3406|คณาจารย์
001101|Fundamental English 1 ภาษาอังกฤษพื้นฐาน 1|071|TuF|1100-1230 -|RB5409|คณาจารย์
001101|Fundamental English 1 ภาษาอังกฤษพื้นฐาน 1|072|TuF|1300-1430 -|RB5410|คณาจารย์
001101|Fundamental English 1 ภาษาอังกฤษพื้นฐาน 1|073|TuF|1300-1430 -|RB5406|คณาจารย์
001101|Fundamental English 1 ภาษาอังกฤษพื้นฐาน 1|074|TuF|1300-1430 -|HB7502|คณาจารย์
001101|Fundamental English 1 ภาษาอังกฤษพื้นฐาน 1|077|TuF|1300-1430 -|RB5403|คณาจารย์
001101|Fundamental English 1 ภาษาอังกฤษพื้นฐาน 1|078|TuF|1300-1430 -|RB3309|คณาจารย์
001101|Fundamental English 1 ภาษาอังกฤษพื้นฐาน 1|079|TuF|1300-1430 -|HB7704|คณาจารย์
001101|Fundamental English 1 ภาษาอังกฤษพื้นฐาน 1|080|TuF|1430-1600 -|RB5207|คณาจารย์
001101|Fundamental English 1 ภาษาอังกฤษพื้นฐาน 1|081|TuF|1430-1600 -|RB5210|คณาจารย์
001101|Fundamental English 1 ภาษาอังกฤษพื้นฐาน 1|082|TuF|1430-1600 -|RB5308|คณาจารย์
001101|Fundamental English 1 ภาษาอังกฤษพื้นฐาน 1|083|TuF|1430-1600 -|HB7508|คณาจารย์
001101|Fundamental English 1 ภาษาอังกฤษพื้นฐาน 1|084|TuF|1430-1600 -|RB5310|คณาจารย์
001101|Fundamental English 1 ภาษาอังกฤษพื้นฐาน 1|087|MTh|1100-1230 -|RB5202|คณาจารย์
001101|Fundamental English 1 ภาษาอังกฤษพื้นฐาน 1|088|MTh|1300-1430 -|RB5403|คณาจารย์
001101|Fundamental English 1 ภาษาอังกฤษพื้นฐาน 1|089|MTh|0800-0930 -|RB3401|คณาจารย์
001101|Fundamental English 1 ภาษาอังกฤษพื้นฐาน 1|091|MTh|0800-0930 -|RB5406|คณาจารย์
001101|Fundamental English 1 ภาษาอังกฤษพื้นฐาน 1|092|MTh|0800-0930 -|RB3305|คณาจารย์
001101|Fundamental English 1 ภาษาอังกฤษพื้นฐาน 1|093|MTh|0800-0930 -|RB5411|คณาจารย์
001101|Fundamental English 1 ภาษาอังกฤษพื้นฐาน 1|094|MTh|0800-0930 -|RB5204|คณาจารย์
001101|Fundamental English 1 ภาษาอังกฤษพื้นฐาน 1|095|MTh|0800-0930 -|RB5202|คณาจารย์
001101|Fundamental English 1 ภาษาอังกฤษพื้นฐาน 1|097|MTh|1100-1230 -|RB3306|คณาจารย์
001101|Fundamental English 1 ภาษาอังกฤษพื้นฐาน 1|098|TuF|0800-0930 -|RB5310|คณาจารย์
001101|Fundamental English 1 ภาษาอังกฤษพื้นฐาน 1|101|TuF|1300-1430 -|RB5302|คณาจารย์
001101|Fundamental English 1 ภาษาอังกฤษพื้นฐาน 1|102|TuF|1300-1430 -|RB3411|คณาจารย์
001101|Fundamental English 1 ภาษาอังกฤษพื้นฐาน 1|103|TuF|0930-1100 -|RB5409|คณาจารย์
001101|Fundamental English 1 ภาษาอังกฤษพื้นฐาน 1|104|TuF|0930-1100 -|RB5412|คณาจารย์
001101|Fundamental English 1 ภาษาอังกฤษพื้นฐาน 1|105|TuF|0930-1100 -|RB5411|คณาจารย์
001101|Fundamental English 1 ภาษาอังกฤษพื้นฐาน 1|106|TuF|0930-1100 -|RB3309|คณาจารย์
001101|Fundamental English 1 ภาษาอังกฤษพื้นฐาน 1|107|TuF|0930-1100 -|RB3406|คณาจารย์
001101|Fundamental English 1 ภาษาอังกฤษพื้นฐาน 1|108|TuF|0930-1100 -|RB5302|คณาจารย์
001101|Fundamental English 1 ภาษาอังกฤษพื้นฐาน 1|113|MTh|1100-1230 -|RB3209|คณาจารย์
001101|Fundamental English 1 ภาษาอังกฤษพื้นฐาน 1|115|MTh|0930-1100 -|RB5402|คณาจารย์
001101|Fundamental English 1 ภาษาอังกฤษพื้นฐาน 1|116|MTh|0930-1100 -|RB3206|คณาจารย์
001101|Fundamental English 1 ภาษาอังกฤษพื้นฐาน 1|119|MTh|1100-1230 -|RB5203|คณาจารย์
001101|Fundamental English 1 ภาษาอังกฤษพื้นฐาน 1|120|MTh|1100-1230 -|RB5412|คณาจารย์
001101|Fundamental English 1 ภาษาอังกฤษพื้นฐาน 1|121|MTh|0930-1100 -|RB3309|คณาจารย์
001101|Fundamental English 1 ภาษาอังกฤษพื้นฐาน 1|122|MTh|0930-1100 -|RB3406|คณาจารย์
001101|Fundamental English 1 ภาษาอังกฤษพื้นฐาน 1|123|MTh|0930-1100 -|RB5208|คณาจารย์
001101|Fundamental English 1 ภาษาอังกฤษพื้นฐาน 1|126|MTh|1100-1230 -|RB3309|คณาจารย์
001101|Fundamental English 1 ภาษาอังกฤษพื้นฐาน 1|128|MTh|1100-1230 -|RB5306|คณาจารย์
001101|Fundamental English 1 ภาษาอังกฤษพื้นฐาน 1|129|MTh|1100-1230 -|RB3211|คณาจารย์
001101|Fundamental English 1 ภาษาอังกฤษพื้นฐาน 1|130|MTh|1100-1230 -|RB3302|คณาจารย์
001101|Fundamental English 1 ภาษาอังกฤษพื้นฐาน 1|131|MTh|1100-1230 -|HB7702|คณาจารย์
001101|Fundamental English 1 ภาษาอังกฤษพื้นฐาน 1|132|MTh|1300-1430 -|RB5206|คณาจารย์
001101|Fundamental English 1 ภาษาอังกฤษพื้นฐาน 1|133|MTh|1300-1430 -|RB5305|คณาจารย์
001101|Fundamental English 1 ภาษาอังกฤษพื้นฐาน 1|134|MTh|1300-1430 -|RB5404|คณาจารย์
001101|Fundamental English 1 ภาษาอังกฤษพื้นฐาน 1|136|MTh|1300-1430 -|RB3403|คณาจารย์
001101|Fundamental English 1 ภาษาอังกฤษพื้นฐาน 1|137|MTh|1430-1600 -|HB6450|คณาจารย์
001101|Fundamental English 1 ภาษาอังกฤษพื้นฐาน 1|138|MTh|1430-1600 -|RB5208|คณาจารย์
001101|Fundamental English 1 ภาษาอังกฤษพื้นฐาน 1|139|MTh|1430-1600 -|RB3210|คณาจารย์
001101|Fundamental English 1 ภาษาอังกฤษพื้นฐาน 1|140|MTh|1430-1600 -|RB5209|คณาจารย์
001101|Fundamental English 1 ภาษาอังกฤษพื้นฐาน 1|144|TuF|0800-0930 -|RB3309|คณาจารย์
001101|Fundamental English 1 ภาษาอังกฤษพื้นฐาน 1|145|TuF|0800-0930 -|RB3406|คณาจารย์
001101|Fundamental English 1 ภาษาอังกฤษพื้นฐาน 1|146|TuF|1100-1230 -|RB3305|คณาจารย์
001101|Fundamental English 1 ภาษาอังกฤษพื้นฐาน 1|147|TuF|0800-0930 -|RB5407|คณาจารย์
001101|Fundamental English 1 ภาษาอังกฤษพื้นฐาน 1|149|MTh|1430-1600 -|RB5304|คณาจารย์
001101|Fundamental English 1 ภาษาอังกฤษพื้นฐาน 1|150|MTh|1430-1600 -|RB5306|คณาจารย์
001101|Fundamental English 1 ภาษาอังกฤษพื้นฐาน 1|151|TuF|0930-1100 -|RB3402|คณาจารย์
001101|Fundamental English 1 ภาษาอังกฤษพื้นฐาน 1|152|TuF|0930-1100 -|RB3405|คณาจารย์
001101|Fundamental English 1 ภาษาอังกฤษพื้นฐาน 1|156|TuF|1100-1230 -|RB5408|คณาจารย์
001101|Fundamental English 1 ภาษาอังกฤษพื้นฐาน 1|157|TuF|1100-1230 -|RB3411|คณาจารย์
001101|Fundamental English 1 ภาษาอังกฤษพื้นฐาน 1|158|TuF|1100-1230 -|RB3405|คณาจารย์
001101|Fundamental English 1 ภาษาอังกฤษพื้นฐาน 1|159|TuF|1100-1230 -|RB5202|คณาจารย์
001101|Fundamental English 1 ภาษาอังกฤษพื้นฐาน 1|161|TuF|1100-1230 -|RB3210|คณาจารย์
001101|Fundamental English 1 ภาษาอังกฤษพื้นฐาน 1|172|MTh|1300-1430 -|RB5202|คณาจารย์
001101|Fundamental English 1 ภาษาอังกฤษพื้นฐาน 1|175|MTh|1300-1430 -|RB3407|คณาจารย์
001101|Fundamental English 1 ภาษาอังกฤษพื้นฐาน 1|176|MTh|1300-1430 -|RB3211|คณาจารย์
001101|Fundamental English 1 ภาษาอังกฤษพื้นฐาน 1|178|MTh|1430-1600 -|RB5307|คณาจารย์
001101|Fundamental English 1 ภาษาอังกฤษพื้นฐาน 1|179|MTh|1430-1600 -|RB5402|คณาจารย์
001101|Fundamental English 1 ภาษาอังกฤษพื้นฐาน 1|180|MTh|1100-1230 -|RB3406|คณาจารย์
001101|Fundamental English 1 ภาษาอังกฤษพื้นฐาน 1|181|MTh|0930-1100 -|RB5306|คณาจารย์
001101|Fundamental English 1 ภาษาอังกฤษพื้นฐาน 1|182|MTh|0930-1100 -|RB5411|คณาจารย์
001101|Fundamental English 1 ภาษาอังกฤษพื้นฐาน 1|183|MTh|1430-1600 -|RB5210|คณาจารย์
001101|Fundamental English 1 ภาษาอังกฤษพื้นฐาน 1|184|MTh|1430-1600 -|RB5303|คณาจารย์
001101|Fundamental English 1 ภาษาอังกฤษพื้นฐาน 1|185|MTh|1100-1230 -|RB3304|คณาจารย์
001101|Fundamental English 1 ภาษาอังกฤษพื้นฐาน 1|186|MTh|1100-1230 -|RB3303|คณาจารย์
001101|Fundamental English 1 ภาษาอังกฤษพื้นฐาน 1|187|MTh|1100-1230 -|RB5210|คณาจารย์
001101|Fundamental English 1 ภาษาอังกฤษพื้นฐาน 1|188|MTh|1100-1230 -|RB3305|คณาจารย์
001101|Fundamental English 1 ภาษาอังกฤษพื้นฐาน 1|189|TuF|0930-1100 -|RB3304|คณาจารย์
001101|Fundamental English 1 ภาษาอังกฤษพื้นฐาน 1|190|MTh|0930-1100 -|RB5412|คณาจารย์
001101|Fundamental English 1 ภาษาอังกฤษพื้นฐาน 1|191|MTh|0930-1100 -|RB3305|คณาจารย์
001101|Fundamental English 1 ภาษาอังกฤษพื้นฐาน 1|192|MTh|1100-1230 -|RB3310|คณาจารย์
001101|Fundamental English 1 ภาษาอังกฤษพื้นฐาน 1|193|MTh|1100-1230 -|RB3203|คณาจารย์
001101|Fundamental English 1 ภาษาอังกฤษพื้นฐาน 1|194|MTh|1300-1430 -|RB5203|คณาจารย์
001101|Fundamental English 1 ภาษาอังกฤษพื้นฐาน 1|197|TuF|0930-1100 -|RB5407|คณาจารย์
001101|Fundamental English 1 ภาษาอังกฤษพื้นฐาน 1|198|TuF|0930-1100 -|RB3211|คณาจารย์
001101|Fundamental English 1 ภาษาอังกฤษพื้นฐาน 1|199|TuF|1100-1230 -|RB3211|คณาจารย์
001101|Fundamental English 1 ภาษาอังกฤษพื้นฐาน 1|200|TuF|1100-1230 -|RB3402|คณาจารย์
001101|Fundamental English 1 ภาษาอังกฤษพื้นฐาน 1|205|MTh|0930-1100 -|RB5302|คณาจารย์
001101|Fundamental English 1 ภาษาอังกฤษพื้นฐาน 1|206|MTh|0930-1100 -|RB5303|คณาจารย์
001101|Fundamental English 1 ภาษาอังกฤษพื้นฐาน 1|207|MTh|0930-1100 -|RB5406|คณาจารย์
001101|Fundamental English 1 ภาษาอังกฤษพื้นฐาน 1|208|MTh|0930-1100 -|RB5408|คณาจารย์
001101|Fundamental English 1 ภาษาอังกฤษพื้นฐาน 1|209|MTh|0930-1100 -|RB5410|คณาจารย์
001101|Fundamental English 1 ภาษาอังกฤษพื้นฐาน 1|213|TuF|1300-1430 -|RB5402|คณาจารย์
001101|Fundamental English 1 ภาษาอังกฤษพื้นฐาน 1|216|MTh|0930-1100 -|RB3209|คณาจารย์
001101|Fundamental English 1 ภาษาอังกฤษพื้นฐาน 1|217|MTh|1300-1430 -|RB5412|คณาจารย์
001101|Fundamental English 1 ภาษาอังกฤษพื้นฐาน 1|218|MTh|0930-1100 -|RB3407|คณาจารย์
001101|Fundamental English 1 ภาษาอังกฤษพื้นฐาน 1|219|TuF|1100-1230 -|RB3310|คณาจารย์
001101|Fundamental English 1 ภาษาอังกฤษพื้นฐาน 1|221|MTh|1430-1600 -|RB3309|คณาจารย์
001101|Fundamental English 1 ภาษาอังกฤษพื้นฐาน 1|223|MTh|0930-1100 -|RB5104|คณาจารย์
001101|Fundamental English 1 ภาษาอังกฤษพื้นฐาน 1|224|MTh|1100-1230 -|RB3201|คณาจารย์
001101|Fundamental English 1 ภาษาอังกฤษพื้นฐาน 1|227|MTh|1100-1230 -|RB3202|คณาจารย์
001101|Fundamental English 1 ภาษาอังกฤษพื้นฐาน 1|701|MTh|0930-1100 -|RB3201|คณาจารย์
001101|Fundamental English 1 ภาษาอังกฤษพื้นฐาน 1|702|MTh|0930-1100 -|RB3202|คณาจารย์
001101|Fundamental English 1 ภาษาอังกฤษพื้นฐาน 1|703|MTh|0930-1100 -|RB3303|คณาจารย์
001101|Fundamental English 1 ภาษาอังกฤษพื้นฐาน 1|704|MTh|0800-0930 -|RB3202|คณาจารย์
001101|Fundamental English 1 ภาษาอังกฤษพื้นฐาน 1|706|MTh|1300-1430 -|RB3310|คณาจารย์
001101|Fundamental English 1 ภาษาอังกฤษพื้นฐาน 1|707|MTh|1300-1430 -|RB3304|คณาจารย์
001101|Fundamental English 1 ภาษาอังกฤษพื้นฐาน 1|708|MTh|1300-1430 -|RB5204|คณาจารย์
001101|Fundamental English 1 ภาษาอังกฤษพื้นฐาน 1|709|MTh|1300-1430 -|RB3201|คณาจารย์
001101|Fundamental English 1 ภาษาอังกฤษพื้นฐาน 1|710|MTh|1300-1430 -|RB3202|คณาจารย์
001101|Fundamental English 1 ภาษาอังกฤษพื้นฐาน 1|711|MTh|1300-1430 -|RB3205|คณาจารย์
001101|Fundamental English 1 ภาษาอังกฤษพื้นฐาน 1|712|MTh|1300-1430 -|HB7502|คณาจารย์
001101|Fundamental English 1 ภาษาอังกฤษพื้นฐาน 1|713|MTh|1430-1600 -|RB3301|คณาจารย์
001101|Fundamental English 1 ภาษาอังกฤษพื้นฐาน 1|714|MTh|1430-1600 -|RB5203|คณาจารย์
001101|Fundamental English 1 ภาษาอังกฤษพื้นฐาน 1|715|MTh|1430-1600 -|RB5204|คณาจารย์
001101|Fundamental English 1 ภาษาอังกฤษพื้นฐาน 1|716|MTh|1430-1600 -|RB5404|คณาจารย์
001101|Fundamental English 1 ภาษาอังกฤษพื้นฐาน 1|717|TuF|0930-1100 -|RB3201|คณาจารย์
001101|Fundamental English 1 ภาษาอังกฤษพื้นฐาน 1|718|TuF|0930-1100 -|RB3202|คณาจารย์
001101|Fundamental English 1 ภาษาอังกฤษพื้นฐาน 1|720|TuF|1100-1230 -|RB5310|คณาจารย์
001101|Fundamental English 1 ภาษาอังกฤษพื้นฐาน 1|801|Tu|1630-1930 -|HB7604|คณาจารย์
001101|Fundamental English 1 ภาษาอังกฤษพื้นฐาน 1|802|Tu|1630-1930 -|HB7605|คณาจารย์
001101|Fundamental English 1 ภาษาอังกฤษพื้นฐาน 1|803|Mo|1630-1930 -|HB7305|คณาจารย์
001101|Fundamental English 1 ภาษาอังกฤษพื้นฐาน 1|804|Mo|1630-1930 -|HB7306|คณาจารย์
001101|Fundamental English 1 ภาษาอังกฤษพื้นฐาน 1|805|Mo|1630-1930 -|HB7401|คณาจารย์
001101|Fundamental English 1 ภาษาอังกฤษพื้นฐาน 1|806|Mo|1630-1930 -|HB7402|คณาจารย์
001101|Fundamental English 1 ภาษาอังกฤษพื้นฐาน 1|807|Mo|1630-1930 -|HB7501|คณาจารย์
001101|Fundamental English 1 ภาษาอังกฤษพื้นฐาน 1|808|Tu|1630-1930 -|BAB1312|คณาจารย์
001101|Fundamental English 1 ภาษาอังกฤษพื้นฐาน 1|809|Tu|1630-1930 -|BAB1313|คณาจารย์
001101|Fundamental English 1 ภาษาอังกฤษพื้นฐาน 1|810|Tu|1630-1930 -|BAB1321|คณาจารย์
001101|Fundamental English 1 ภาษาอังกฤษพื้นฐาน 1|811|Tu|1630-1930 -|BAB1314|คณาจารย์
001101|Fundamental English 1 ภาษาอังกฤษพื้นฐาน 1|813|MTh|1630-1800 -|ENG312|คณาจารย์
001101|Fundamental English 1 ภาษาอังกฤษพื้นฐาน 1|814|MTh|1630-1800 -|ENG212|คณาจารย์
001101|Fundamental English 1 ภาษาอังกฤษพื้นฐาน 1|815|MTh|1800-1930 -|ENG312|คณาจารย์
201190|Critical Thinking, Problem Solving and Science Communication การคิดอย่างมีวิจารณญาณ การแก้ปัญหา และการสื่อสารทางวิทยาศาสตร์|002|TuF|1300-1430 -|SCB3100(ตึกหลังภาควิชาธรณีวิทยา)|ณัฐวัชร์ สนธิชัย Co-Instruc ประสิทธิ์ วังภคพัฒนวงศ์ สิทธิศักดิ์ อินทรสิทธิ์ ณัฐวัชร์ สนธิชัย เฉลิมรัช นนทะภา
201190|Critical Thinking, Problem Solving and Science Communication การคิดอย่างมีวิจารณญาณ การแก้ปัญหา และการสื่อสารทางวิทยาศาสตร์|701|MTh|1300-1430 -|ฺฺBB1-A101 (ภาควิชาชีววิทยา)|พิมลรัตน์ เทียนสวัสดิ์ Co-Instruc พิมลรัตน์ เทียนสวัสดิ์ นัชชนันท์ ดวงแก้ว นวพร นาคหฤทัย นิธิวดี ไทยเจริญ
201111|The World of Science โลกแห่งวิทยาศาสตร์|001|TuF|1300-1430 -|SCB2100(ตึก 40 ปี คณะวิทย์ฯ)|สหัสชัย อินวงศ์วาร Co-Instruc ประสิทธิ์ วังภคพัฒนวงศ์ สหัสชัย อินวงศ์วาร ศรัญพงศ์ ยิ้มกลั่น กุลภา ชนะวรรโณ วศิน สมบุตร รุ่งโรจน์ เบญจกุล พัชรินทร์ โคสุวรรณ จันทร์ดี ธนะศักดิ์ หมวกทองหลาง ทิพย์สุคนธ์ คุ้มแสง สุภัทรชัย ศักดิ์สกุลไกร
201111|The World of Science โลกแห่งวิทยาศาสตร์|002|TuF|1300-1430 -|CB1320 (ตึกเคมี 1 )|สหัสชัย อินวงศ์วาร Co-Instruc ประสิทธิ์ วังภคพัฒนวงศ์ สหัสชัย อินวงศ์วาร ศรัญพงศ์ ยิ้มกลั่น กุลภา ชนะวรรโณ วศิน สมบุตร รุ่งโรจน์ เบญจกุล พัชรินทร์ โคสุวรรณ จันทร์ดี ธนะศักดิ์ หมวกทองหลาง ทิพย์สุคนธ์ คุ้มแสง สุภัทรชัย ศักดิ์สกุลไกร
201111|The World of Science โลกแห่งวิทยาศาสตร์|801|TuF|1300-1430 -|SCB2100(ตึก 40 ปี คณะวิทย์ฯ)|สหัสชัย อินวงศ์วาร Co-Instruc ประสิทธิ์ วังภคพัฒนวงศ์ สหัสชัย อินวงศ์วาร ศรัญพงศ์ ยิ้มกลั่น กุลภา ชนะวรรโณ วศิน สมบุตร รุ่งโรจน์ เบญจกุล พัชรินทร์ โคสุวรรณ จันทร์ดี ธนะศักดิ์ หมวกทองหลาง ทิพย์สุคนธ์ คุ้มแสง สุภัทรชัย ศักดิ์สกุลไกร
703103|Introduction to Entrepreneurship and Business การเป็นผู้ประกอบการและธุรกิจเบื้องต้น|001|TuF|0930-1100 -|Online|ศรัญญา กันตะบุตร Co-Instruc วรัทยา แจ้งกระจ่าง นิยตา กาวีวงศ์ อดิศักดิ์ ธีรานุพัฒนา สิริวุฒิ บูรณพิร พิชญลักษณ์ พิชญกุล ศิรวัจน์ ธีราโสภณพงศ์ รอม แพสุวรรณ วรรณัย สายประเสริฐ กันตธัช อัมรานนท์ เขมกร ไชยประสิทธิ์ กุลสิรี โค้วสุวรรณ์ ดำรงศักดิ์ นภารัตน์ สายนที เฉินบำรุง
703103|Introduction to Entrepreneurship and Business การเป็นผู้ประกอบการและธุรกิจเบื้องต้น|002|TuF|1100-1230 -|Online|วรัทยา แจ้งกระจ่าง Co-Instruc นิยตา กาวีวงศ์ อดิศักดิ์ ธีรานุพัฒนา สิริวุฒิ บูรณพิร พิชญลักษณ์ พิชญกุล ศิรวัจน์ ธีราโสภณพงศ์ รอม แพสุวรรณ วรรณัย สายประเสริฐ กันตธัช อัมรานนท์ เขมกร ไชยประสิทธิ์ ศรัญญา กันตะบุตร กุลสิรี โค้วสุวรรณ์ ดำรงศักดิ์ นภารัตน์ สายนที เฉินบำรุง
703103|Introduction to Entrepreneurship and Business การเป็นผู้ประกอบการและธุรกิจเบื้องต้น|003|TuF|1300-1430 -|Online|ศรัญญา กันตะบุตร Co-Instruc วรัทยา แจ้งกระจ่าง นิยตา กาวีวงศ์ อดิศักดิ์ ธีรานุพัฒนา สิริวุฒิ บูรณพิร พิชญลักษณ์ พิชญกุล ศิรวัจน์ ธีราโสภณพงศ์ รอม แพสุวรรณ วรรณัย สายประเสริฐ กันตธัช อัมรานนท์ เขมกร ไชยประสิทธิ์ กุลสิรี โค้วสุวรรณ์ ดำรงศักดิ์ นภารัตน์ สายนที เฉินบำรุง
703103|Introduction to Entrepreneurship and Business การเป็นผู้ประกอบการและธุรกิจเบื้องต้น Teaching medium is in English/เรียนเป็นภาษาอังกฤษ|701|TuF|1300-1430 -|BAB1332|นิยตา กาวีวงศ์ Co-Instruc พิชญลักษณ์ พิชญกุล
703103|Introduction to Entrepreneurship and Business การเป็นผู้ประกอบการและธุรกิจเบื้องต้น Teaching medium is in English/เรียนเป็นภาษาอังกฤษ|702|TuF|1430-1600 -|BAB1332|พิชญลักษณ์ พิชญกุล Co-Instruc นิยตา กาวีวงศ์
703103|Introduction to Entrepreneurship and Business การเป็นผู้ประกอบการและธุรกิจเบื้องต้น Teaching medium is in English/เรียนเป็นภาษาอังกฤษ|703|TuF|1300-1430 -|BAB2302|กันตธัช อัมรานนท์
206370|Probability 1 ความน่าจะเป็น 1|001|MTh|0930-1100 -|MB2212|นวินดา ฉัตรสกุลพรหม
206370|Probability 1 ความน่าจะเป็น 1|001|MTh|0930-1100 -|MB2213-14 ดูแผนที่|นวินดา ฉัตรสกุลพรหม
703103|Introduction to Entrepreneurship and Business การเป็นผู้ประกอบการและธุรกิจเบื้องต้น|001|TuF|0930-1100 -|Online|นิยตา กาวีวงศ์ Co-Instruc วรัทยา แจ้งกระจ่าง อดิศักดิ์ ธีรานุพัฒนา สิริวุฒิ บูรณพิร พิชญลักษณ์ พิชญกุล ศิรวัจน์ ธีราโสภณพงศ์ รอม แพสุวรรณ วรรณัย สายประเสริฐ กันตธัช อัมรานนท์ เขมกร ไชยประสิทธิ์ ศรัญญา กันตะบุตร กุลสิรี โค้วสุวรรณ์ พรนภา ปัญญาดี สายนที เฉินบำรุง
703103|Introduction to Entrepreneurship and Business การเป็นผู้ประกอบการและธุรกิจเบื้องต้น|002|TuF|1100-1230 -|Online|อดิศักดิ์ ธีรานุพัฒนา Co-Instruc วรัทยา แจ้งกระจ่าง นิยตา กาวีวงศ์ สิริวุฒิ บูรณพิร พิชญลักษณ์ พิชญกุล ศิรวัจน์ ธีราโสภณพงศ์ รอม แพสุวรรณ วรรณัย สายประเสริฐ กันตธัช อัมรานนท์ เขมกร ไชยประสิทธิ์ ศรัญญา กันตะบุตร กุลสิรี โค้วสุวรรณ์ พรนภา ปัญญาดี สายนที เฉินบำรุง
703103|Introduction to Entrepreneurship and Business การเป็นผู้ประกอบการและธุรกิจเบื้องต้น|003|MTh|0930-1100 -|Online|นิยตา กาวีวงศ์ Co-Instruc วรัทยา แจ้งกระจ่าง อดิศักดิ์ ธีรานุพัฒนา สิริวุฒิ บูรณพิร พิชญลักษณ์ พิชญกุล ศิรวัจน์ ธีราโสภณพงศ์ รอม แพสุวรรณ วรรณัย สายประเสริฐ กันตธัช อัมรานนท์ เขมกร ไชยประสิทธิ์ ศรัญญา กันตะบุตร กุลสิรี โค้วสุวรรณ์ พรนภา ปัญญาดี สายนที เฉินบำรุง
703103|Introduction to Entrepreneurship and Business การเป็นผู้ประกอบการและธุรกิจเบื้องต้น|004|MTh|1100-1230 -|Online|อดิศักดิ์ ธีรานุพัฒนา Co-Instruc วรัทยา แจ้งกระจ่าง นิยตา กาวีวงศ์ สิริวุฒิ บูรณพิร พิชญลักษณ์ พิชญกุล ศิรวัจน์ ธีราโสภณพงศ์ รอม แพสุวรรณ วรรณัย สายประเสริฐ กันตธัช อัมรานนท์ เขมกร ไชยประสิทธิ์ ศรัญญา กันตะบุตร กุลสิรี โค้วสุวรรณ์ พรนภา ปัญญาดี สายนที เฉินบำรุง
703103|Introduction to Entrepreneurship and Business การเป็นผู้ประกอบการและธุรกิจเบื้องต้น|801|Sa|0900-1200 -|Online|นิยตา กาวีวงศ์ Co-Instruc วรัทยา แจ้งกระจ่าง อดิศักดิ์ ธีรานุพัฒนา สิริวุฒิ บูรณพิร พิชญลักษณ์ พิชญกุล ศิรวัจน์ ธีราโสภณพงศ์ รอม แพสุวรรณ วรรณัย สายประเสริฐ กันตธัช อัมรานนท์ เขมกร ไชยประสิทธิ์ ศรัญญา กันตะบุตร กุลสิรี โค้วสุวรรณ์ พรนภา ปัญญาดี สายนที เฉินบำรุง
204371|Feature Engineering วิศวกรรมคุณลักษณะ|001|Tu Fr|1430-1630 1430-1630|CSB210 CSB308|ปภังกร อิ่นแก้ว
201111|The World of Science โลกแห่งวิทยาศาสตร์|001|MTh|1100-1230 -|SCB2100|ศรัญพงศ์ ยิ้มกลั่น Co-Instruc ประสิทธิ์ วังภคพัฒนวงศ์ สหัสชัย อินวงศ์วาร ศรัญพงศ์ ยิ้มกลั่น กุลภา ชนะวรรโณ วศิน สมบุตร พัชรินทร์ โคสุวรรณ จันทร์ดี ธนะศักดิ์ หมวกทองหลาง ทิพย์สุคนธ์ คุ้มแสง สุภัทรชัย ศักดิ์สกุลไกร
201111|The World of Science โลกแห่งวิทยาศาสตร์|002|MTh|1100-1230 -|TBA|ศรัญพงศ์ ยิ้มกลั่น Co-Instruc ประสิทธิ์ วังภคพัฒนวงศ์ สหัสชัย อินวงศ์วาร ศรัญพงศ์ ยิ้มกลั่น กุลภา ชนะวรรโณ วศิน สมบุตร พัชรินทร์ โคสุวรรณ จันทร์ดี ธนะศักดิ์ หมวกทองหลาง ทิพย์สุคนธ์ คุ้มแสง สุภัทรชัย ศักดิ์สกุลไกร
201111|The World of Science โลกแห่งวิทยาศาสตร์ Teaching medium is in English/เรียนเป็นภาษาอังกฤษ|701|MTh|1430-1600 -|TBA|กุลภา ชนะวรรโณ Co-Instruc วาทิต โคกทอง ประสิทธิ์ วังภคพัฒนวงศ์ กุลภา ชนะวรรโณ ภูมิศร์ ทับทิมแดง
201111|The World of Science โลกแห่งวิทยาศาสตร์|801|MTh|1100-1230 -|SCB2100|ศรัญพงศ์ ยิ้มกลั่น Co-Instruc ประสิทธิ์ วังภคพัฒนวงศ์ สหัสชัย อินวงศ์วาร ศรัญพงศ์ ยิ้มกลั่น กุลภา ชนะวรรโณ วศิน สมบุตร พัชรินทร์ โคสุวรรณ จันทร์ดี ธนะศักดิ์ หมวกทองหลาง ทิพย์สุคนธ์ คุ้มแสง สุภัทรชัย ศักดิ์สกุลไกร
702101|Finance for Daily Life การเงินในชีวิตประจำวัน|001|MTh|1100-1230 -|online|สุจรรย์พินธ์ สุวรรณพันธ์
702101|Finance for Daily Life การเงินในชีวิตประจำวัน|002|MTh|1430-1600 -|online|สุจรรย์พินธ์ สุวรรณพันธ์
702101|Finance for Daily Life การเงินในชีวิตประจำวัน|003|TuF|1100-1230 -|online|สุจรรย์พินธ์ สุวรรณพันธ์
702101|Finance for Daily Life การเงินในชีวิตประจำวัน Teaching medium is in English/เรียนเป็นภาษาอังกฤษ|701|MTh|1100-1230 -|BAB1343|อนิล รูพ
204100|Artificial Intelligence and Digital Essentials เรื่องน่ารู้ทางปัญญาประดิษฐ์และดิจิทัล|001|TBA|0000-0000 -|Mango|กมลภพ ศรีโสภา Co-Instruc ฐาปนพงษ์ รักกาญจนันท์
204100|Artificial Intelligence and Digital Essentials เรื่องน่ารู้ทางปัญญาประดิษฐ์และดิจิทัล|002|TBA|0000-0000 -|Mango|ฐาปนพงษ์ รักกาญจนันท์
204100|Artificial Intelligence and Digital Essentials เรื่องน่ารู้ทางปัญญาประดิษฐ์และดิจิทัล|003|TBA|0000-0000 -|Mango|ประภาพร เตชอังกูร
204100|Artificial Intelligence and Digital Essentials เรื่องน่ารู้ทางปัญญาประดิษฐ์และดิจิทัล section นี้จัดการเรียนการสอนแบบ Modular Learning|401|TBA|0000-0000 -|TBA|กมลภพ ศรีโสภา Co-Instruc ประภาพร เตชอังกูร ฐาปนพงษ์ รักกาญจนันท์
204100|Artificial Intelligence and Digital Essentials เรื่องน่ารู้ทางปัญญาประดิษฐ์และดิจิทัล|701|TBA|0000-0000 -|Mango|วัชราภรณ์ ยาใจ Co-Instruc กมลภพ ศรีโสภา
204100|Artificial Intelligence and Digital Essentials เรื่องน่ารู้ทางปัญญาประดิษฐ์และดิจิทัล|801|Sa|0900-1200 -|Mango|ประภาพร เตชอังกูร Co-Instruc กมลภพ ศรีโสภา ฐาปนพงษ์ รักกาญจนันท์ วัชราภรณ์ ยาใจ
261461|Visual and Interactive Programming การเขียนโปรแกรมเชิงภาพและโต้ตอบ|001|Tu|0900-1200 -|413B|สันติ พิทักษ์กิจนุกูร
261461|Visual and Interactive Programming การเขียนโปรแกรมเชิงภาพและโต้ตอบ|099|Tu|0900-1200 -|TBA|สันติ พิทักษ์กิจนุกูร
261461|Visual and Interactive Programming การเขียนโปรแกรมเชิงภาพและโต้ตอบ Teaching medium is in English/เรียนเป็นภาษาอังกฤษ|701|Tu|1300-1600 -|411A|สันติ พิทักษ์กิจนุกูร
261461|Visual and Interactive Programming การเขียนโปรแกรมเชิงภาพและโต้ตอบ|801|Tu|0900-1200 -|413B|สันติ พิทักษ์กิจนุกูร
261461|Visual and Interactive Programming การเขียนโปรแกรมเชิงภาพและโต้ตอบ|001|Tu|0900-1200 -|413B|สันติ พิทักษ์กิจนุกูร
261461|Visual and Interactive Programming การเขียนโปรแกรมเชิงภาพและโต้ตอบ|099|Tu|0900-1200 -|413B|สันติ พิทักษ์กิจนุกูร
261461|Visual and Interactive Programming การเขียนโปรแกรมเชิงภาพและโต้ตอบ|801|Tu|0900-1200 -|413B|สันติ พิทักษ์กิจนุกูร
229223|Programming for Data Science การโปรแกรมสำหรับวิทยาการข้อมูล|001|Tu Fr|1430-1630 1430-1630|CSB209 CSB301|สุธาสินี โทวุฒิกุล
204100|Artificial Intelligence and Digital Essentials เรื่องน่ารู้ทางปัญญาประดิษฐ์และดิจิทัล|001|TBA|0000-0000 -|Mango Canvas|ฐาปนพงษ์ รักกาญจนันท์
204100|Artificial Intelligence and Digital Essentials เรื่องน่ารู้ทางปัญญาประดิษฐ์และดิจิทัล|002|TBA|0000-0000 -|Mango Canvas|กิตติพิชญ์ คุปตะวาณิช
204100|Artificial Intelligence and Digital Essentials เรื่องน่ารู้ทางปัญญาประดิษฐ์และดิจิทัล|003|TBA|0000-0000 -|Mango Canvas|จักริน ชวชาติ
204100|Artificial Intelligence and Digital Essentials เรื่องน่ารู้ทางปัญญาประดิษฐ์และดิจิทัล|701|TBA|0000-0000 -|TBA|ฐาปนพงษ์ รักกาญจนันท์ Co-Instruc จักริน ชวชาติ กิตติพิชญ์ คุปตะวาณิช
204100|Artificial Intelligence and Digital Essentials เรื่องน่ารู้ทางปัญญาประดิษฐ์และดิจิทัล|801|TBA|0000-0000 -|TBA|ฐาปนพงษ์ รักกาญจนันท์ Co-Instruc จักริน ชวชาติ กิตติพิชญ์ คุปตะวาณิช
702101|Finance for Daily Life การเงินในชีวิตประจำวัน|001|MTh|1100-1230 -|สอน Online|สุจรรย์พินธ์ สุวรรณพันธ์
702101|Finance for Daily Life การเงินในชีวิตประจำวัน|002|TuF|1100-1230 -|สอน Online|สุจรรย์พินธ์ สุวรรณพันธ์
702101|Finance for Daily Life การเงินในชีวิตประจำวัน|003|TuF|1430-1600 -|สอน Online|สุจรรย์พินธ์ สุวรรณพันธ์
702101|Finance for Daily Life การเงินในชีวิตประจำวัน|004|TuF|1100-1230 -|สอน Online|สุจรรย์พินธ์ สุวรรณพันธ์
702101|Finance for Daily Life การเงินในชีวิตประจำวัน Teaching medium is in English/เรียนเป็นภาษาอังกฤษ|701|We|0900-1200 -|BAB1322|อนิล รูพ
702101|Finance for Daily Life การเงินในชีวิตประจำวัน|801|Th|1630-1930 -|สอน Online|สุจรรย์พินธ์ สุวรรณพันธ์
951100|Modern Life and Animation ชีวิตสมัยใหม่กับแอนนิเมชัน|001|TBA|0000-0000 -|MANGO Canvas Online|ศุภรดา ประภาวงศ์
951100|Modern Life and Animation ชีวิตสมัยใหม่กับแอนนิเมชัน|002|TBA|0000-0000 -|MANGO Canvas Online|เสฏฐี บุญชู
951100|Modern Life and Animation ชีวิตสมัยใหม่กับแอนนิเมชัน|003|TBA|0000-0000 -|MANGO Canvas Online|ศุภรดา ประภาวงศ์
951100|Modern Life and Animation ชีวิตสมัยใหม่กับแอนนิเมชัน|004|TBA|0000-0000 -|MANGO Canvas Online|เสฏฐี บุญชู
951100|Modern Life and Animation ชีวิตสมัยใหม่กับแอนนิเมชัน|005|TBA|0000-0000 -|MANGO Canvas Online|ศุภรดา ประภาวงศ์
951100|Modern Life and Animation ชีวิตสมัยใหม่กับแอนนิเมชัน|006|TBA|0000-0000 -|MANGO Canvas Online|เสฏฐี บุญชู
951100|Modern Life and Animation ชีวิตสมัยใหม่กับแอนนิเมชัน|007|TBA|0000-0000 -|MANGO Canvas Online|ศุภรดา ประภาวงศ์
951100|Modern Life and Animation ชีวิตสมัยใหม่กับแอนนิเมชัน|008|TBA|0000-0000 -|MANGO Canvas Online|เสฏฐี บุญชู
951100|Modern Life and Animation ชีวิตสมัยใหม่กับแอนนิเมชัน|009|TBA|0000-0000 -|MANGO Canvas Online|ศุภรดา ประภาวงศ์
951100|Modern Life and Animation ชีวิตสมัยใหม่กับแอนนิเมชัน|010|TBA|0000-0000 -|MANGO Canvas Online|เสฏฐี บุญชู
951100|Modern Life and Animation ชีวิตสมัยใหม่กับแอนนิเมชัน|011|TBA|0000-0000 -|MANGO Canvas Online|ศุภรดา ประภาวงศ์
951100|Modern Life and Animation ชีวิตสมัยใหม่กับแอนนิเมชัน|012|TBA|0000-0000 -|MANGO Canvas Online|เสฏฐี บุญชู
951100|Modern Life and Animation ชีวิตสมัยใหม่กับแอนนิเมชัน|013|TBA|0000-0000 -|MANGO Canvas Online|ศุภรดา ประภาวงศ์ Co-Instruc เสฏฐี บุญชู
951100|Modern Life and Animation ชีวิตสมัยใหม่กับแอนนิเมชัน section นี้จัดการเรียนการสอนแบบ Modular Learning|401|TBA|0000-0000 -|MANGO Canvas Online|เสฏฐี บุญชู Co-Instruc ศุภรดา ประภาวงศ์
951100|Modern Life and Animation ชีวิตสมัยใหม่กับแอนนิเมชัน section นี้จัดการเรียนการสอนแบบ Modular Learning|471|TBA|0000-0000 -|MANGO Canvas Online|เสฏฐี บุญชู Co-Instruc ศุภรดา ประภาวงศ์
951100|Modern Life and Animation ชีวิตสมัยใหม่กับแอนนิเมชัน|701|TBA|0000-0000 -|MANGO Canvas Online ดูแผนที่|เสฏฐี บุญชู Co-Instruc ศุภรดา ประภาวงศ์
951100|Modern Life and Animation ชีวิตสมัยใหม่กับแอนนิเมชัน|702|TBA|0000-0000 -|MANGO Canvas Online|ศุภรดา ประภาวงศ์ Co-Instruc เสฏฐี บุญชู
208424|Optimization for Statistical Learning การหาค่าเหมาะที่สุดสำหรับการเรียนรู้เชิงสถิติ|001|TuF|1300-1430 -|STB 205|ดลภาค พรนพรัตน์
951100|Modern Life and Animation ชีวิตสมัยใหม่กับแอนนิเมชัน|001|TBA|0000-0000 -|MANGO Canvas Online|ศุภรดา ประภาวงศ์
951100|Modern Life and Animation ชีวิตสมัยใหม่กับแอนนิเมชัน|002|TBA|0000-0000 -|MANGO Canvas Online|เสฏฐี บุญชู
951100|Modern Life and Animation ชีวิตสมัยใหม่กับแอนนิเมชัน|003|TBA|0000-0000 -|MANGO Canvas Online|ศุภรดา ประภาวงศ์
951100|Modern Life and Animation ชีวิตสมัยใหม่กับแอนนิเมชัน|004|TBA|0000-0000 -|MANGO Canvas Online|เสฏฐี บุญชู
951100|Modern Life and Animation ชีวิตสมัยใหม่กับแอนนิเมชัน|005|TBA|0000-0000 -|MANGO Canvas Online|ศุภรดา ประภาวงศ์
951100|Modern Life and Animation ชีวิตสมัยใหม่กับแอนนิเมชัน|006|TBA|0000-0000 -|MANGO Canvas Online|เสฏฐี บุญชู
951100|Modern Life and Animation ชีวิตสมัยใหม่กับแอนนิเมชัน|007|TBA|0000-0000 -|MANGO Canvas Online|ศุภรดา ประภาวงศ์
951100|Modern Life and Animation ชีวิตสมัยใหม่กับแอนนิเมชัน|008|TBA|0000-0000 -|MANGO Canvas Online|เสฏฐี บุญชู
951100|Modern Life and Animation ชีวิตสมัยใหม่กับแอนนิเมชัน|009|TBA|0000-0000 -|MANGO Canvas Online|ศุภรดา ประภาวงศ์ Co-Instruc เสฏฐี บุญชู
951100|Modern Life and Animation ชีวิตสมัยใหม่กับแอนนิเมชัน section นี้จัดการเรียนการสอนแบบ Modular Learning|401|TBA|0000-0000 -|MANGO Canvas Online|ศุภรดา ประภาวงศ์ Co-Instruc เสฏฐี บุญชู
951100|Modern Life and Animation ชีวิตสมัยใหม่กับแอนนิเมชัน section นี้จัดการเรียนการสอนแบบ Modular Learning|471|TBA|0000-0000 -|MANGO Canvas Online|ศุภรดา ประภาวงศ์ Co-Instruc เสฏฐี บุญชู
951100|Modern Life and Animation ชีวิตสมัยใหม่กับแอนนิเมชัน section นี้จัดการเรียนการสอนแบบ Modular Learning|481|TBA|0000-0000 -|MANGO Canvas Online|ศุภรดา ประภาวงศ์ Co-Instruc เสฏฐี บุญชู
951100|Modern Life and Animation ชีวิตสมัยใหม่กับแอนนิเมชัน|701|TBA|0000-0000 -|MANGO Canvas Online ดูแผนที่|เสฏฐี บุญชู Co-Instruc ศุภรดา ประภาวงศ์
204371|Feature Engineering วิศวกรรมคุณลักษณะ|001|Tu Fr|1430-1630 1430-1630|CSB210 CSB308|ปภังกร อิ่นแก้ว
204381|Numerical Computation and Software การคำนวณเชิงตัวเลขและซอฟต์แวร์|001|MTh|0800-0930 -|CSB201|จักรเมธ บุตรกระจ่าง
204424|Ontology Design and Development การออกแบบและพัฒนาออนโทโลยี|001|MTh|1430-1600 -|CSB202|อารีรัตน์ ตรงรัศมีทอง
204426|Data Engineering วิศวกรรมข้อมูล|001|Fr Tu|1230-1430 1230-1430|CSB210 CSB301|นพรัตน์ วนิชชานันท์
204426|Data Engineering วิศวกรรมข้อมูล|002|Fr Tu|1430-1630 1430-1630|CSB210 CSB308|นพรัตน์ วนิชชานันท์
206341|Differential Equations สมการเชิงอนุพันธ์ Teaching medium is in English/เรียนเป็นภาษาอังกฤษ|001|TuF|0930-1100 -|SCB4201 ดูแผนที่|สมชาย ศรียาบ
204383|Image Processing การประมวลผลภาพ|001|TuF|1100-1230 -|CSB207|วาริน เชาวทัต
001101|Fundamental English 1 ภาษาอังกฤษพื้นฐาน 1|001|MTh|0800-0930 -|RB5304|คณาจารย์
001101|Fundamental English 1 ภาษาอังกฤษพื้นฐาน 1|003|MTh|0800-0930 -|RB3403|คณาจารย์
001101|Fundamental English 1 ภาษาอังกฤษพื้นฐาน 1|004|MTh|0800-0930 -|RB5403|คณาจารย์
001101|Fundamental English 1 ภาษาอังกฤษพื้นฐาน 1|005|MTh|0800-0930 -|RB5407|คณาจารย์
001101|Fundamental English 1 ภาษาอังกฤษพื้นฐาน 1|006|MTh|0800-0930 -|RB3210|คณาจารย์
001101|Fundamental English 1 ภาษาอังกฤษพื้นฐาน 1|007|MTh|0800-0930 -|RB5308|คณาจารย์
001101|Fundamental English 1 ภาษาอังกฤษพื้นฐาน 1|008|MTh|0800-0930 -|RB5310|คณาจารย์
001101|Fundamental English 1 ภาษาอังกฤษพื้นฐาน 1|009|MTh|0800-0930 -|RB5405|คณาจารย์
001101|Fundamental English 1 ภาษาอังกฤษพื้นฐาน 1|010|MTh|0800-0930 -|RB3211|คณาจารย์
001101|Fundamental English 1 ภาษาอังกฤษพื้นฐาน 1|011|MTh|0800-0930 -|RB5408|คณาจารย์
001101|Fundamental English 1 ภาษาอังกฤษพื้นฐาน 1|012|MTh|0930-1100 -|RB3411|คณาจารย์
001101|Fundamental English 1 ภาษาอังกฤษพื้นฐาน 1|013|MTh|0930-1100 -|RB5405|คณาจารย์
001101|Fundamental English 1 ภาษาอังกฤษพื้นฐาน 1|014|MTh|0930-1100 -|RB3405|คณาจารย์
001101|Fundamental English 1 ภาษาอังกฤษพื้นฐาน 1|015|MTh|0930-1100 -|HB7802|คณาจารย์
001101|Fundamental English 1 ภาษาอังกฤษพื้นฐาน 1|016|MTh|0930-1100 -|RB5309|คณาจารย์
001101|Fundamental English 1 ภาษาอังกฤษพื้นฐาน 1|017|MTh|0930-1100 -|RB3410|คณาจารย์
001101|Fundamental English 1 ภาษาอังกฤษพื้นฐาน 1|018|MTh|0930-1100 -|RB5205|คณาจารย์
001101|Fundamental English 1 ภาษาอังกฤษพื้นฐาน 1|019|MTh|0930-1100 -|RB3402|คณาจารย์
001101|Fundamental English 1 ภาษาอังกฤษพื้นฐาน 1|020|MTh|0930-1100 -|RB5310|คณาจารย์
001101|Fundamental English 1 ภาษาอังกฤษพื้นฐาน 1|021|MTh|1100-1230 -|RB3411|คณาจารย์
001101|Fundamental English 1 ภาษาอังกฤษพื้นฐาน 1|022|MTh|1100-1230 -|RB3405|คณาจารย์
001101|Fundamental English 1 ภาษาอังกฤษพื้นฐาน 1|023|MTh|1100-1230 -|RB5207|คณาจารย์
001101|Fundamental English 1 ภาษาอังกฤษพื้นฐาน 1|024|MTh|1100-1230 -|RB5404|คณาจารย์
001101|Fundamental English 1 ภาษาอังกฤษพื้นฐาน 1|025|MTh|1100-1230 -|RB5402|คณาจารย์
001101|Fundamental English 1 ภาษาอังกฤษพื้นฐาน 1|026|MTh|1100-1230 -|RB5308|คณาจารย์
001101|Fundamental English 1 ภาษาอังกฤษพื้นฐาน 1|027|MTh|1100-1230 -|RB5205|คณาจารย์
001101|Fundamental English 1 ภาษาอังกฤษพื้นฐาน 1|028|MTh|1100-1230 -|RB3206|คณาจารย์
001101|Fundamental English 1 ภาษาอังกฤษพื้นฐาน 1|029|MTh|1300-1430 -|RB5411|คณาจารย์
001101|Fundamental English 1 ภาษาอังกฤษพื้นฐาน 1|030|MTh|1300-1430 -|RB5402|คณาจารย์
001101|Fundamental English 1 ภาษาอังกฤษพื้นฐาน 1|031|MTh|1300-1430 -|RB3309|คณาจารย์
001101|Fundamental English 1 ภาษาอังกฤษพื้นฐาน 1|032|MTh|1300-1430 -|RB3411|คณาจารย์
001101|Fundamental English 1 ภาษาอังกฤษพื้นฐาน 1|033|MTh|1300-1430 -|RB3402|คณาจารย์
001101|Fundamental English 1 ภาษาอังกฤษพื้นฐาน 1|034|MTh|1300-1430 -|RB3410|คณาจารย์
001101|Fundamental English 1 ภาษาอังกฤษพื้นฐาน 1|035|MTh|1300-1430 -|RB5409|คณาจารย์
001101|Fundamental English 1 ภาษาอังกฤษพื้นฐาน 1|036|MTh|1430-1600 -|RB5411|คณาจารย์
001101|Fundamental English 1 ภาษาอังกฤษพื้นฐาน 1|037|MTh|1430-1600 -|RB5302|คณาจารย์
001101|Fundamental English 1 ภาษาอังกฤษพื้นฐาน 1|038|MTh|1430-1600 -|HB6420|คณาจารย์
001101|Fundamental English 1 ภาษาอังกฤษพื้นฐาน 1|039|MTh|1430-1600 -|RB3310|คณาจารย์
001101|Fundamental English 1 ภาษาอังกฤษพื้นฐาน 1|040|MTh|1430-1600 -|RB5205|คณาจารย์
001101|Fundamental English 1 ภาษาอังกฤษพื้นฐาน 1|043|MTh|1430-1600 -|RB3403|คณาจารย์
001101|Fundamental English 1 ภาษาอังกฤษพื้นฐาน 1|044|TuF|0800-0930 -|RB5403|คณาจารย์
001101|Fundamental English 1 ภาษาอังกฤษพื้นฐาน 1|045|TuF|0800-0930 -|RB5404|คณาจารย์
001101|Fundamental English 1 ภาษาอังกฤษพื้นฐาน 1|046|TuF|0800-0930 -|RB5307|คณาจารย์
001101|Fundamental English 1 ภาษาอังกฤษพื้นฐาน 1|047|TuF|0800-0930 -|RB3310|คณาจารย์
001101|Fundamental English 1 ภาษาอังกฤษพื้นฐาน 1|048|TuF|0800-0930 -|RB5308|คณาจารย์
001101|Fundamental English 1 ภาษาอังกฤษพื้นฐาน 1|049|TuF|0800-0930 -|RB5206|คณาจารย์
001101|Fundamental English 1 ภาษาอังกฤษพื้นฐาน 1|050|TuF|0800-0930 -|RB3401|คณาจารย์
001101|Fundamental English 1 ภาษาอังกฤษพื้นฐาน 1|051|TuF|0800-0930 -|RB5411|คณาจารย์
001101|Fundamental English 1 ภาษาอังกฤษพื้นฐาน 1|052|TuF|0800-0930 -|RB5207|คณาจารย์
001101|Fundamental English 1 ภาษาอังกฤษพื้นฐาน 1|053|TuF|0800-0930 -|RB5408|คณาจารย์
001101|Fundamental English 1 ภาษาอังกฤษพื้นฐาน 1|054|TuF|0800-0930 -|RB3402|คณาจารย์
001101|Fundamental English 1 ภาษาอังกฤษพื้นฐาน 1|055|TuF|0930-1100 -|HB7711|คณาจารย์
001101|Fundamental English 1 ภาษาอังกฤษพื้นฐาน 1|056|TuF|0930-1100 -|RB5404|คณาจารย์
001101|Fundamental English 1 ภาษาอังกฤษพื้นฐาน 1|057|TuF|0930-1100 -|RB3409|คณาจารย์
001101|Fundamental English 1 ภาษาอังกฤษพื้นฐาน 1|058|TuF|0930-1100 -|RB5303|คณาจารย์
001101|Fundamental English 1 ภาษาอังกฤษพื้นฐาน 1|059|TuF|0930-1100 -|RB5406|คณาจารย์
001101|Fundamental English 1 ภาษาอังกฤษพื้นฐาน 1|060|TuF|0930-1100 -|RB5308|คณาจารย์
001101|Fundamental English 1 ภาษาอังกฤษพื้นฐาน 1|061|TuF|0930-1100 -|RB5403|คณาจารย์
001101|Fundamental English 1 ภาษาอังกฤษพื้นฐาน 1|062|TuF|0930-1100 -|RB5207|คณาจารย์
001101|Fundamental English 1 ภาษาอังกฤษพื้นฐาน 1|063|TuF|1100-1230 -|RB3206|คณาจารย์
001101|Fundamental English 1 ภาษาอังกฤษพื้นฐาน 1|064|TuF|1100-1230 -|RB5404|คณาจารย์
001101|Fundamental English 1 ภาษาอังกฤษพื้นฐาน 1|065|TuF|1100-1230 -|RB5303|คณาจารย์
001101|Fundamental English 1 ภาษาอังกฤษพื้นฐาน 1|066|TuF|1100-1230 -|RB5307|คณาจารย์
001101|Fundamental English 1 ภาษาอังกฤษพื้นฐาน 1|067|TuF|1100-1230 -|RB5403|คณาจารย์
001101|Fundamental English 1 ภาษาอังกฤษพื้นฐาน 1|068|TuF|1100-1230 -|RB5206|คณาจารย์
001101|Fundamental English 1 ภาษาอังกฤษพื้นฐาน 1|069|TuF|1100-1230 -|RB5410|คณาจารย์
001101|Fundamental English 1 ภาษาอังกฤษพื้นฐาน 1|070|TuF|1100-1230 -|RB3406|คณาจารย์
001101|Fundamental English 1 ภาษาอังกฤษพื้นฐาน 1|071|TuF|1100-1230 -|RB5409|คณาจารย์
001101|Fundamental English 1 ภาษาอังกฤษพื้นฐาน 1|072|TuF|1300-1430 -|RB5410|คณาจารย์
001101|Fundamental English 1 ภาษาอังกฤษพื้นฐาน 1|073|TuF|1300-1430 -|HB7502|คณาจารย์
001101|Fundamental English 1 ภาษาอังกฤษพื้นฐาน 1|074|TuF|1300-1430 -|RB5406|คณาจารย์
001101|Fundamental English 1 ภาษาอังกฤษพื้นฐาน 1|077|TuF|1300-1430 -|RB5403|คณาจารย์
001101|Fundamental English 1 ภาษาอังกฤษพื้นฐาน 1|078|TuF|1300-1430 -|RB3309|คณาจารย์
001101|Fundamental English 1 ภาษาอังกฤษพื้นฐาน 1|079|TuF|1300-1430 -|HB7704|คณาจารย์
001101|Fundamental English 1 ภาษาอังกฤษพื้นฐาน 1|080|TuF|1430-1600 -|RB5207|คณาจารย์
001101|Fundamental English 1 ภาษาอังกฤษพื้นฐาน 1|081|TuF|1430-1600 -|RB5210|คณาจารย์
001101|Fundamental English 1 ภาษาอังกฤษพื้นฐาน 1|082|TuF|1430-1600 -|RB5308|คณาจารย์
001101|Fundamental English 1 ภาษาอังกฤษพื้นฐาน 1|083|TuF|1430-1600 -|RB5304|คณาจารย์
001101|Fundamental English 1 ภาษาอังกฤษพื้นฐาน 1|084|TuF|1430-1600 -|RB5310|คณาจารย์
001101|Fundamental English 1 ภาษาอังกฤษพื้นฐาน 1|087|MTh|1100-1230 -|RB5202|คณาจารย์
001101|Fundamental English 1 ภาษาอังกฤษพื้นฐาน 1|088|MTh|1300-1430 -|RB5403|คณาจารย์
001101|Fundamental English 1 ภาษาอังกฤษพื้นฐาน 1|089|MTh|0800-0930 -|RB3401|คณาจารย์
001101|Fundamental English 1 ภาษาอังกฤษพื้นฐาน 1|091|MTh|0800-0930 -|RB5406|คณาจารย์
001101|Fundamental English 1 ภาษาอังกฤษพื้นฐาน 1|092|MTh|0800-0930 -|RB3305|คณาจารย์
001101|Fundamental English 1 ภาษาอังกฤษพื้นฐาน 1|093|MTh|0800-0930 -|RB5411|คณาจารย์
001101|Fundamental English 1 ภาษาอังกฤษพื้นฐาน 1|094|MTh|0800-0930 -|RB5204|คณาจารย์
001101|Fundamental English 1 ภาษาอังกฤษพื้นฐาน 1|095|MTh|0800-0930 -|RB5202|คณาจารย์
001101|Fundamental English 1 ภาษาอังกฤษพื้นฐาน 1|097|MTh|1100-1230 -|RB3306|คณาจารย์
001101|Fundamental English 1 ภาษาอังกฤษพื้นฐาน 1|098|TuF|0800-0930 -|RB5310|คณาจารย์
001101|Fundamental English 1 ภาษาอังกฤษพื้นฐาน 1|101|TuF|1300-1430 -|RB5302|คณาจารย์
001101|Fundamental English 1 ภาษาอังกฤษพื้นฐาน 1|102|TuF|1300-1430 -|RB3411|คณาจารย์
001101|Fundamental English 1 ภาษาอังกฤษพื้นฐาน 1|103|TuF|0930-1100 -|RB5409|คณาจารย์
001101|Fundamental English 1 ภาษาอังกฤษพื้นฐาน 1|104|TuF|0930-1100 -|RB5412|คณาจารย์
001101|Fundamental English 1 ภาษาอังกฤษพื้นฐาน 1|105|TuF|0930-1100 -|RB5411|คณาจารย์
001101|Fundamental English 1 ภาษาอังกฤษพื้นฐาน 1|106|TuF|0930-1100 -|RB3309|คณาจารย์
001101|Fundamental English 1 ภาษาอังกฤษพื้นฐาน 1|107|TuF|0930-1100 -|RB3406|คณาจารย์
001101|Fundamental English 1 ภาษาอังกฤษพื้นฐาน 1|108|TuF|0930-1100 -|RB5302|คณาจารย์
001101|Fundamental English 1 ภาษาอังกฤษพื้นฐาน 1|113|MTh|1100-1230 -|RB3209|คณาจารย์
001101|Fundamental English 1 ภาษาอังกฤษพื้นฐาน 1|115|MTh|0930-1100 -|RB5105|คณาจารย์
001101|Fundamental English 1 ภาษาอังกฤษพื้นฐาน 1|116|MTh|0930-1100 -|RB3206|คณาจารย์
001101|Fundamental English 1 ภาษาอังกฤษพื้นฐาน 1|119|MTh|1100-1230 -|RB5203|คณาจารย์
001101|Fundamental English 1 ภาษาอังกฤษพื้นฐาน 1|120|MTh|1100-1230 -|RB5412|คณาจารย์
001101|Fundamental English 1 ภาษาอังกฤษพื้นฐาน 1|121|MTh|0930-1100 -|RB3309|คณาจารย์
001101|Fundamental English 1 ภาษาอังกฤษพื้นฐาน 1|122|MTh|0930-1100 -|RB3406|คณาจารย์
001101|Fundamental English 1 ภาษาอังกฤษพื้นฐาน 1|123|MTh|0930-1100 -|RB5208|คณาจารย์
001101|Fundamental English 1 ภาษาอังกฤษพื้นฐาน 1|126|MTh|1100-1230 -|RB3309|คณาจารย์
001101|Fundamental English 1 ภาษาอังกฤษพื้นฐาน 1|128|MTh|1100-1230 -|RB5306|คณาจารย์
001101|Fundamental English 1 ภาษาอังกฤษพื้นฐาน 1|129|MTh|1100-1230 -|RB3211|คณาจารย์
001101|Fundamental English 1 ภาษาอังกฤษพื้นฐาน 1|130|MTh|1100-1230 -|RB3302|คณาจารย์
001101|Fundamental English 1 ภาษาอังกฤษพื้นฐาน 1|131|MTh|1100-1230 -|HB7702|คณาจารย์
001101|Fundamental English 1 ภาษาอังกฤษพื้นฐาน 1|132|MTh|1300-1430 -|RB5206|คณาจารย์
001101|Fundamental English 1 ภาษาอังกฤษพื้นฐาน 1|133|MTh|1300-1430 -|RB5305|คณาจารย์
001101|Fundamental English 1 ภาษาอังกฤษพื้นฐาน 1|134|MTh|1300-1430 -|RB5404|คณาจารย์
001101|Fundamental English 1 ภาษาอังกฤษพื้นฐาน 1|136|MTh|1300-1430 -|RB5407|คณาจารย์
001101|Fundamental English 1 ภาษาอังกฤษพื้นฐาน 1|137|MTh|1430-1600 -|RB5307|คณาจารย์
001101|Fundamental English 1 ภาษาอังกฤษพื้นฐาน 1|138|MTh|1430-1600 -|RB5208|คณาจารย์
001101|Fundamental English 1 ภาษาอังกฤษพื้นฐาน 1|139|MTh|1430-1600 -|RB3210|คณาจารย์
001101|Fundamental English 1 ภาษาอังกฤษพื้นฐาน 1|140|MTh|1430-1600 -|RB5209|คณาจารย์
001101|Fundamental English 1 ภาษาอังกฤษพื้นฐาน 1|144|TuF|0800-0930 -|RB3309|คณาจารย์
001101|Fundamental English 1 ภาษาอังกฤษพื้นฐาน 1|145|TuF|0800-0930 -|RB3406|คณาจารย์
001101|Fundamental English 1 ภาษาอังกฤษพื้นฐาน 1|146|TuF|1100-1230 -|RB3305|คณาจารย์
001101|Fundamental English 1 ภาษาอังกฤษพื้นฐาน 1|147|TuF|0800-0930 -|RB5407|คณาจารย์
001101|Fundamental English 1 ภาษาอังกฤษพื้นฐาน 1|149|MTh|1430-1600 -|RB5304|คณาจารย์
001101|Fundamental English 1 ภาษาอังกฤษพื้นฐาน 1|150|MTh|1430-1600 -|RB5306|คณาจารย์
001101|Fundamental English 1 ภาษาอังกฤษพื้นฐาน 1|151|TuF|0930-1100 -|RB3402|คณาจารย์
001101|Fundamental English 1 ภาษาอังกฤษพื้นฐาน 1|152|TuF|0930-1100 -|RB3405|คณาจารย์
001101|Fundamental English 1 ภาษาอังกฤษพื้นฐาน 1|156|TuF|1100-1230 -|RB5408|คณาจารย์
001101|Fundamental English 1 ภาษาอังกฤษพื้นฐาน 1|157|TuF|1100-1230 -|RB3411|คณาจารย์
001101|Fundamental English 1 ภาษาอังกฤษพื้นฐาน 1|158|TuF|1100-1230 -|RB3405|คณาจารย์
001101|Fundamental English 1 ภาษาอังกฤษพื้นฐาน 1|159|TuF|1100-1230 -|RB5202|คณาจารย์
001101|Fundamental English 1 ภาษาอังกฤษพื้นฐาน 1|161|TuF|1100-1230 -|RB3210|คณาจารย์
001101|Fundamental English 1 ภาษาอังกฤษพื้นฐาน 1|172|MTh|1300-1430 -|RB5202|คณาจารย์
001101|Fundamental English 1 ภาษาอังกฤษพื้นฐาน 1|175|MTh|1300-1430 -|RB3407|คณาจารย์
001101|Fundamental English 1 ภาษาอังกฤษพื้นฐาน 1|176|MTh|1300-1430 -|RB3211|คณาจารย์
001101|Fundamental English 1 ภาษาอังกฤษพื้นฐาน 1|178|MTh|1430-1600 -|HB6450|คณาจารย์
001101|Fundamental English 1 ภาษาอังกฤษพื้นฐาน 1|179|MTh|1430-1600 -|RB5402|คณาจารย์
001101|Fundamental English 1 ภาษาอังกฤษพื้นฐาน 1|180|MTh|1100-1230 -|RB3406|คณาจารย์
001101|Fundamental English 1 ภาษาอังกฤษพื้นฐาน 1|181|MTh|0930-1100 -|RB5306|คณาจารย์
001101|Fundamental English 1 ภาษาอังกฤษพื้นฐาน 1|182|MTh|0930-1100 -|RB5411|คณาจารย์
001101|Fundamental English 1 ภาษาอังกฤษพื้นฐาน 1|183|MTh|1430-1600 -|RB5210|คณาจารย์
001101|Fundamental English 1 ภาษาอังกฤษพื้นฐาน 1|184|MTh|1430-1600 -|RB5303|คณาจารย์
001101|Fundamental English 1 ภาษาอังกฤษพื้นฐาน 1|185|MTh|1100-1230 -|RB3304|คณาจารย์
001101|Fundamental English 1 ภาษาอังกฤษพื้นฐาน 1|186|MTh|1100-1230 -|RB5309|คณาจารย์
001101|Fundamental English 1 ภาษาอังกฤษพื้นฐาน 1|187|MTh|1100-1230 -|RB5210|คณาจารย์
001101|Fundamental English 1 ภาษาอังกฤษพื้นฐาน 1|188|MTh|1100-1230 -|RB3305|คณาจารย์
001101|Fundamental English 1 ภาษาอังกฤษพื้นฐาน 1|189|TuF|0930-1100 -|RB3304|คณาจารย์
001101|Fundamental English 1 ภาษาอังกฤษพื้นฐาน 1|190|MTh|0930-1100 -|RB5412|คณาจารย์
001101|Fundamental English 1 ภาษาอังกฤษพื้นฐาน 1|191|MTh|0930-1100 -|RB3305|คณาจารย์
001101|Fundamental English 1 ภาษาอังกฤษพื้นฐาน 1|192|MTh|1100-1230 -|RB3310|คณาจารย์
001101|Fundamental English 1 ภาษาอังกฤษพื้นฐาน 1|193|MTh|1100-1230 -|RB3203|คณาจารย์
001101|Fundamental English 1 ภาษาอังกฤษพื้นฐาน 1|194|MTh|1300-1430 -|RB5203|คณาจารย์
001101|Fundamental English 1 ภาษาอังกฤษพื้นฐาน 1|197|TuF|0930-1100 -|RB5407|คณาจารย์
001101|Fundamental English 1 ภาษาอังกฤษพื้นฐาน 1|198|TuF|0930-1100 -|TBA|คณาจารย์
001101|Fundamental English 1 ภาษาอังกฤษพื้นฐาน 1|199|TuF|1100-1230 -|RB3211|คณาจารย์
001101|Fundamental English 1 ภาษาอังกฤษพื้นฐาน 1|200|TuF|1100-1230 -|RB3402|คณาจารย์
001101|Fundamental English 1 ภาษาอังกฤษพื้นฐาน 1|205|MTh|0930-1100 -|RB5302|คณาจารย์
001101|Fundamental English 1 ภาษาอังกฤษพื้นฐาน 1|206|MTh|0930-1100 -|RB5303|คณาจารย์
001101|Fundamental English 1 ภาษาอังกฤษพื้นฐาน 1|207|MTh|0930-1100 -|RB5406|คณาจารย์
001101|Fundamental English 1 ภาษาอังกฤษพื้นฐาน 1|208|MTh|0930-1100 -|RB5408|คณาจารย์
001101|Fundamental English 1 ภาษาอังกฤษพื้นฐาน 1|209|MTh|0930-1100 -|RB5410|คณาจารย์
001101|Fundamental English 1 ภาษาอังกฤษพื้นฐาน 1|213|TuF|1300-1430 -|RB5402|คณาจารย์
001101|Fundamental English 1 ภาษาอังกฤษพื้นฐาน 1|216|MTh|0930-1100 -|RB3209|คณาจารย์
001101|Fundamental English 1 ภาษาอังกฤษพื้นฐาน 1|217|MTh|1300-1430 -|RB5412|คณาจารย์
001101|Fundamental English 1 ภาษาอังกฤษพื้นฐาน 1|218|MTh|0930-1100 -|RB3407|คณาจารย์
001101|Fundamental English 1 ภาษาอังกฤษพื้นฐาน 1|219|TuF|1100-1230 -|RB3310|คณาจารย์
001101|Fundamental English 1 ภาษาอังกฤษพื้นฐาน 1|221|MTh|1430-1600 -|RB3309|คณาจารย์
001101|Fundamental English 1 ภาษาอังกฤษพื้นฐาน 1|223|MTh|0930-1100 -|RB5104|คณาจารย์
001101|Fundamental English 1 ภาษาอังกฤษพื้นฐาน 1|224|MTh|1100-1230 -|RB3201|คณาจารย์
001101|Fundamental English 1 ภาษาอังกฤษพื้นฐาน 1|227|MTh|1100-1230 -|RB3202|คณาจารย์
001101|Fundamental English 1 ภาษาอังกฤษพื้นฐาน 1|230|MTh|0930-1100 -|TBA|คณาจารย์
001101|Fundamental English 1 ภาษาอังกฤษพื้นฐาน 1|231|MTh|0930-1100 -|TBA|คณาจารย์
001101|Fundamental English 1 ภาษาอังกฤษพื้นฐาน 1|232|TuF|0930-1100 -|TBA|คณาจารย์
001101|Fundamental English 1 ภาษาอังกฤษพื้นฐาน 1|233|TuF|1100-1230 -|RB3302|คณาจารย์
001101|Fundamental English 1 ภาษาอังกฤษพื้นฐาน 1|234|TuF|1100-1230 -|RB5103|คณาจารย์
001101|Fundamental English 1 ภาษาอังกฤษพื้นฐาน 1|235|TuF|1100-1230 -|RB5304|คณาจารย์
001101|Fundamental English 1 ภาษาอังกฤษพื้นฐาน 1|236|MTh|1300-1430 -|RB3301|คณาจารย์
001101|Fundamental English 1 ภาษาอังกฤษพื้นฐาน 1|237|MTh|1300-1430 -|RB3305|คณาจารย์
001101|Fundamental English 1 ภาษาอังกฤษพื้นฐาน 1|238|TuF|1300-1430 -|RB3301|คณาจารย์
001101|Fundamental English 1 ภาษาอังกฤษพื้นฐาน 1|239|TuF|1300-1430 -|RB5102|คณาจารย์
001101|Fundamental English 1 ภาษาอังกฤษพื้นฐาน 1|701|MTh|0930-1100 -|RB3201|คณาจารย์
001101|Fundamental English 1 ภาษาอังกฤษพื้นฐาน 1|702|MTh|0930-1100 -|RB3202|คณาจารย์
001101|Fundamental English 1 ภาษาอังกฤษพื้นฐาน 1|703|TuF|0800-0930 -|TBA|คณาจารย์
001101|Fundamental English 1 ภาษาอังกฤษพื้นฐาน 1|704|MTh|0800-0930 -|RB3202|คณาจารย์
001101|Fundamental English 1 ภาษาอังกฤษพื้นฐาน 1|706|MTh|1300-1430 -|RB3310|คณาจารย์
001101|Fundamental English 1 ภาษาอังกฤษพื้นฐาน 1|707|MTh|1300-1430 -|RB3304|คณาจารย์
001101|Fundamental English 1 ภาษาอังกฤษพื้นฐาน 1|708|MTh|1300-1430 -|RB5204|คณาจารย์
001101|Fundamental English 1 ภาษาอังกฤษพื้นฐาน 1|709|MTh|1300-1430 -|RB3201|คณาจารย์
001101|Fundamental English 1 ภาษาอังกฤษพื้นฐาน 1|710|MTh|1300-1430 -|RB3202|คณาจารย์
001101|Fundamental English 1 ภาษาอังกฤษพื้นฐาน 1|711|MTh|1300-1430 -|RB3205|คณาจารย์
001101|Fundamental English 1 ภาษาอังกฤษพื้นฐาน 1|712|MTh|1430-1600 -|RB3303|คณาจารย์
001101|Fundamental English 1 ภาษาอังกฤษพื้นฐาน 1|713|MTh|1430-1600 -|RB3301|คณาจารย์
001101|Fundamental English 1 ภาษาอังกฤษพื้นฐาน 1|714|MTh|1430-1600 -|RB5203|คณาจารย์
001101|Fundamental English 1 ภาษาอังกฤษพื้นฐาน 1|715|MTh|1430-1600 -|RB5204|คณาจารย์
001101|Fundamental English 1 ภาษาอังกฤษพื้นฐาน 1|716|MTh|1430-1600 -|RB5404|คณาจารย์
001101|Fundamental English 1 ภาษาอังกฤษพื้นฐาน 1|717|TuF|0930-1100 -|RB3201|คณาจารย์
001101|Fundamental English 1 ภาษาอังกฤษพื้นฐาน 1|718|TuF|0930-1100 -|RB3202|คณาจารย์
001101|Fundamental English 1 ภาษาอังกฤษพื้นฐาน 1|720|TuF|1100-1230 -|TBA|คณาจารย์
001101|Fundamental English 1 ภาษาอังกฤษพื้นฐาน 1|801|Tu|1630-1930 -|HB7604|คณาจารย์
001101|Fundamental English 1 ภาษาอังกฤษพื้นฐาน 1|802|Tu|1630-1930 -|HB7605|คณาจารย์
001101|Fundamental English 1 ภาษาอังกฤษพื้นฐาน 1|803|Mo|1630-1930 -|HB7305|คณาจารย์
001101|Fundamental English 1 ภาษาอังกฤษพื้นฐาน 1|804|Mo|1630-1930 -|HB7306|คณาจารย์
001101|Fundamental English 1 ภาษาอังกฤษพื้นฐาน 1|805|Mo|1630-1930 -|HB7401|คณาจารย์
001101|Fundamental English 1 ภาษาอังกฤษพื้นฐาน 1|806|Mo|1630-1930 -|HB7402|คณาจารย์
001101|Fundamental English 1 ภาษาอังกฤษพื้นฐาน 1|807|Mo|1630-1930 -|HB7501|คณาจารย์
001101|Fundamental English 1 ภาษาอังกฤษพื้นฐาน 1|808|Tu|1630-1930 -|BAB1331|คณาจารย์
001101|Fundamental English 1 ภาษาอังกฤษพื้นฐาน 1|809|Tu|1630-1930 -|BAB1341|คณาจารย์
001101|Fundamental English 1 ภาษาอังกฤษพื้นฐาน 1|810|Tu|1630-1930 -|BAB1342|คณาจารย์
001101|Fundamental English 1 ภาษาอังกฤษพื้นฐาน 1|811|Tu|1630-1930 -|BAB1343|คณาจารย์
001101|Fundamental English 1 ภาษาอังกฤษพื้นฐาน 1|813|MTh|1630-1800 -|ENG310|คณาจารย์
001101|Fundamental English 1 ภาษาอังกฤษพื้นฐาน 1|814|MTh|1630-1800 -|ENG312|คณาจารย์
001101|Fundamental English 1 ภาษาอังกฤษพื้นฐาน 1|815|MTh|1800-1930 -|TBA|คณาจารย์
702101|Finance for Daily Life การเงินในชีวิตประจำวัน|001|MTh|1100-1230 -|online|สุจรรย์พินธ์ สุวรรณพันธ์
702101|Finance for Daily Life การเงินในชีวิตประจำวัน|002|MTh|1430-1600 -|online|สุจรรย์พินธ์ สุวรรณพันธ์
702101|Finance for Daily Life การเงินในชีวิตประจำวัน|003|TuF|1100-1230 -|online|สุจรรย์พินธ์ สุวรรณพันธ์
702101|Finance for Daily Life การเงินในชีวิตประจำวัน Teaching medium is in English/เรียนเป็นภาษาอังกฤษ|701|MTh|1100-1230 -|BAB1314|อนิล รูพ
208354|Time Series Analysis for Data Science การวิเคราะห์อนุกรมเวลาสำหรับวิทยาการข้อมูล|001|MTh|1430-1630 -|SCB4202|เฉลิมรัช นนทะภา
204426|Data Engineering วิศวกรรมข้อมูล|001|Fr Tu|1230-1430 1230-1430|CSB210 CSB301|นพรัตน์ วนิชชานันท์
208350|Applied Multivariate Statistics for Data Science สถิติประยุกต์หลายตัวแปรสำหรับวิทยาการข้อมูล|001|TuF|1430-1600 -|TBA|มานัดถุ์ คำกอง
229323|Data Manipulation for Data Science การจัดดำเนินการข้อมูลสำหรับด้านวิทยาการข้อมูล|001|Mo Th|1230-1430 1230-1430|CSB307 CSB207 ดูแผนที่|เสมอแข สมหอม
229323|Data Manipulation for Data Science การจัดดำเนินการข้อมูลสำหรับด้านวิทยาการข้อมูล|002|Mo Th|1230-1430 1230-1430|CSB308 CSB210 ดูแผนที่|เมทินี เขียวกันยะ
057137|Sports for Health กีฬาเพื่อสุขภาพ|001|TuF|0930-1100 -|TBA|สราวุฒิ พงษ์พิพัฒน์
206341|Differential Equations สมการเชิงอนุพันธ์ Teaching medium is in English/เรียนเป็นภาษาอังกฤษ|001|TuF|0930-1100 -|SCB4302 ดูแผนที่|สมชาย ศรียาบ
204423|Data Mining การทำเหมืองข้อมูล|001|TuF|1430-1600 -|CSB203|ประภาพร เตชอังกูร
204423|Data Mining การทำเหมืองข้อมูล|002|TuF|1430-1600 -|CSB210|เมทินี เขียวกันยะ
206281|Discrete Mathematics วิยุตคณิต|001|MTh|1430-1600 -|MB2212|สายัญ ปันมา
701181|Basic Accounting for Entrepreneurs การบัญชีเบื้องต้นสำหรับผู้ประกอบการ|001|MTh|1300-1430 -|BAB 1332|ปิติมา ดิศกุลเนติวิทย์ Co-Instruc อรรถพงศ์ พีระเชื้อ จอมใจ แซมเพชร เอื้อบุญ เอกะสิงห์
701181|Basic Accounting for Entrepreneurs การบัญชีเบื้องต้นสำหรับผู้ประกอบการ|002|TuF|1300-1430 -|BAB 1222|วนิสรา สุวรรณมงคล Co-Instruc ชนิดา ยาระณะ
701181|Basic Accounting for Entrepreneurs การบัญชีเบื้องต้นสำหรับผู้ประกอบการ|801|Th|1630-1930 -|BAB 2501|อรรถพงศ์ พีระเชื้อ Co-Instruc ชานนท์ นาคอ้าย
206300|Mathematics of Finance and Insurance คณิตศาสตร์การเงินและการประกันภัย|001|TuF|0930-1100 -|MB2213-14|ณัฐกร สุคันธมาลา
229223|Programming for Data Science การโปรแกรมสำหรับวิทยาการข้อมูล|001|Mo Th|1430-1630 1430-1630|SCB4204-5 SCB4204-5 ดูแผนที่|สิปปนนท์ กิติมูล
206324|Applied Linear Algebra พีชคณิตเชิงเส้นประยุกต์|001|TuF|1100-1230 -|SCB4201|หทัยรัตน์ ยิ่งทวีสิทธิกุล
206324|Applied Linear Algebra พีชคณิตเชิงเส้นประยุกต์|001|TuF|1100-1230 -|MB2111|หทัยรัตน์ ยิ่งทวีสิทธิกุล
229223|Programming for Data Science การโปรแกรมสำหรับวิทยาการข้อมูล|001|Th Mo|1430-1630 1430-1630|CSB209 CSB301|สิทธิโชค ทรัพย์ไพบูลย์กิจ
206355|Numerical Method วิธีเชิงตัวเลข Teaching medium is in English/เรียนเป็นภาษาอังกฤษ|001|MTh|1100-1230 -|SCB4201|ณัฐพล พลอยมะกล่ำ
206341|Differential Equations สมการเชิงอนุพันธ์ Teaching medium is in English/เรียนเป็นภาษาอังกฤษ|001|TuF|0930-1100 -|SCB4302 ดูแผนที่|สมชาย ศรียาบ
208350|Applied Multivariate Statistics for Data Science สถิติประยุกต์หลายตัวแปรสำหรับวิทยาการข้อมูล|001|TuF|1430-1600 -|STB 107|มานัดถุ์ คำกอง
206300|Mathematics of Finance and Insurance คณิตศาสตร์การเงินและการประกันภัย|001|TuF|0930-1100 -|MB2111|ณัฐกร สุคันธมาลา
701181|Basic Accounting for Entrepreneurs การบัญชีเบื้องต้นสำหรับผู้ประกอบการ|001|TuF|1100-1230 -|BAB 2301|นฤนาถ ศราภัยวานิช Co-Instruc เอื้อบุญ เอกะสิงห์
701181|Basic Accounting for Entrepreneurs การบัญชีเบื้องต้นสำหรับผู้ประกอบการ|002|TuF|1100-1230 -|BAB 2303|ธิดาพร ล่ามช้าง Co-Instruc วนิสรา สุวรรณมงคล
206281|Discrete Mathematics วิยุตคณิต|001|TuF|1300-1430 -|SCB4201|สายัญ ปันมา
206281|Discrete Mathematics วิยุตคณิต|002|MTh|1430-1600 -|MB2213-14|วรรณศิริ วรรณสิทธิ์
206281|Discrete Mathematics วิยุตคณิต Teaching medium is in English/เรียนเป็นภาษาอังกฤษ|701|MTh|0930-1100 -|SCB4201|จูลิน ลิคะสิริ
204422|Data Warehousing คลังข้อมูล|001|Th Mo|1230-1430 1230-1430|CSB100 CSB301|รัฐสิทธิ์ สุขะหุต
057137|Sports for Health กีฬาเพื่อสุขภาพ|001|M-F|1100-1230 -|EB9202 อาคาร 9|สราวุฒิ พงษ์พิพัฒน์
057137|Sports for Health กีฬาเพื่อสุขภาพ|002|M-F|0930-1100 -|TBA|สราวุฒิ พงษ์พิพัฒน์
001101|Fundamental English 1 ภาษาอังกฤษพื้นฐาน 1|002|MTh|0930-1100 -|RB5304|คณาจารย์
001101|Fundamental English 1 ภาษาอังกฤษพื้นฐาน 1|003|MTh|1100-1230 -|RB5303|คณาจารย์
001101|Fundamental English 1 ภาษาอังกฤษพื้นฐาน 1|004|MTh|1300-1430 -|RB5403|คณาจารย์
001101|Fundamental English 1 ภาษาอังกฤษพื้นฐาน 1|005|MTh|1430-1600 -|RB3306|คณาจารย์
001101|Fundamental English 1 ภาษาอังกฤษพื้นฐาน 1|006|TuF|0800-0930 -|RB5402|คณาจารย์
001101|Fundamental English 1 ภาษาอังกฤษพื้นฐาน 1|007|TuF|0930-1100 -|RB3305|คณาจารย์
001101|Fundamental English 1 ภาษาอังกฤษพื้นฐาน 1|009|TuF|1300-1430 -|RB5306|คณาจารย์
001101|Fundamental English 1 ภาษาอังกฤษพื้นฐาน 1|011|TuF|1100-1230 -|RB5104|คณาจารย์
001101|Fundamental English 1 ภาษาอังกฤษพื้นฐาน 1|012|MTh|0800-0930 -|RB5207|คณาจารย์
001101|Fundamental English 1 ภาษาอังกฤษพื้นฐาน 1|017|MTh|1300-1430 -|RB3403|คณาจารย์
001101|Fundamental English 1 ภาษาอังกฤษพื้นฐาน 1|022|TuF|0930-1100 -|RB5203|คณาจารย์
001101|Fundamental English 1 ภาษาอังกฤษพื้นฐาน 1|024|TuF|1100-1230 -|RB3301|คณาจารย์
001101|Fundamental English 1 ภาษาอังกฤษพื้นฐาน 1|029|TuF|1430-1600 -|RB5302|คณาจารย์
001101|Fundamental English 1 ภาษาอังกฤษพื้นฐาน 1|037|MTh|1100-1230 -|RB5411|คณาจารย์
001101|Fundamental English 1 ภาษาอังกฤษพื้นฐาน 1|042|TuF|0800-0930 -|RB5206|คณาจารย์
001101|Fundamental English 1 ภาษาอังกฤษพื้นฐาน 1|043|MTh|0930-1100 -|RB3206|คณาจารย์
001101|Fundamental English 1 ภาษาอังกฤษพื้นฐาน 1|044|TuF|1300-1430 -|RB5402|คณาจารย์
001101|Fundamental English 1 ภาษาอังกฤษพื้นฐาน 1|048|MTh|0930-1100 -|RB5209|คณาจารย์
001101|Fundamental English 1 ภาษาอังกฤษพื้นฐาน 1|049|TuF|0930-1100 -|RB5205|คณาจารย์
001101|Fundamental English 1 ภาษาอังกฤษพื้นฐาน 1|050|TuF|1100-1230 -|RB3211|คณาจารย์
001101|Fundamental English 1 ภาษาอังกฤษพื้นฐาน 1|051|MTh|1300-1430 -|RB3211|คณาจารย์
208150|Probability and Statistics ความน่าจะเป็นและสถิติ|001|TuF|0930-1100 -|RB5101|พิษณุ เจียวคุณ
208150|Probability and Statistics ความน่าจะเป็นและสถิติ|002|TuF|0930-1100 -|BB1100|กุณฑลี ไชยสี
208150|Probability and Statistics ความน่าจะเป็นและสถิติ|701|TuF|1100-1230 -|SCB 1100|กุณฑลี ไชยสี
208150|Probability and Statistics ความน่าจะเป็นและสถิติ|702|TuF|1100-1230 -|STB 302|เฉลิมรัช นนทะภา
208150|Probability and Statistics ความน่าจะเป็นและสถิติ|801|TuF|1630-1800 -|ENG311|กุณฑลี ไชยสี
701181|Basic Accounting for Entrepreneurs การบัญชีเบื้องต้นสำหรับผู้ประกอบการ|001|TuF|1100-1230 -|BAB 2301|วนิสรา สุวรรณมงคล Co-Instruc ชนิดา ยาระณะ
701181|Basic Accounting for Entrepreneurs การบัญชีเบื้องต้นสำหรับผู้ประกอบการ|002|TuF|1100-1230 -|BAB 2303|นฤนาถ ศราภัยวานิช Co-Instruc เอื้อบุญ เอกะสิงห์
261441|Internet of Things and Big Data อินเทอร์เน็ตของสรรพสิ่งและข้อมูลขนาดใหญ่|001|TuF|1300-1430 -|719|กำพล วรดิษฐ์
261441|Internet of Things and Big Data อินเทอร์เน็ตของสรรพสิ่งและข้อมูลขนาดใหญ่|099|TuF|1300-1430 -|719|กำพล วรดิษฐ์
261441|Internet of Things and Big Data อินเทอร์เน็ตของสรรพสิ่งและข้อมูลขนาดใหญ่|801|TuF|1300-1430 -|719|กำพล วรดิษฐ์
001101|Fundamental English 1 ภาษาอังกฤษพื้นฐาน 1|004|M-F|1100-1230 -|RB5105|คณาจารย์
001101|Fundamental English 1 ภาษาอังกฤษพื้นฐาน 1|005|M-F|0930-1100 -|RB5403|คณาจารย์
001101|Fundamental English 1 ภาษาอังกฤษพื้นฐาน 1|006|M-F|1100-1230 -|RB5404|คณาจารย์
001101|Fundamental English 1 ภาษาอังกฤษพื้นฐาน 1|011|M-F|0930-1100 -|RB5202|คณาจารย์
001101|Fundamental English 1 ภาษาอังกฤษพื้นฐาน 1|012|M-F|0800-0930 -|ED2304-M|คณาจารย์
001101|Fundamental English 1 ภาษาอังกฤษพื้นฐาน 1|013|M-F|1100-1230 -|RB5402|คณาจารย์
057137|Sports for Health กีฬาเพื่อสุขภาพ|001|TuF|0930-1100 -|อาคาร 9 EB9202|สราวุฒิ พงษ์พิพัฒน์
057137|Sports for Health กีฬาเพื่อสุขภาพ|002|TuF|1300-1430 -|อาคาร 9 EB9202|สราวุฒิ พงษ์พิพัฒน์
204320|Database Management การจัดการฐานข้อมูล|001|Tu Fr|0900-1100 0900-1100|CSB210 CSB303|วิจักษณ์ ศรีสัจจะเลิศวาจา
204217|Computer Programming Languages ภาษาโปรแกรมคอมพิวเตอร์|001|Fr Tu|1230-1430 1230-1430|CSB209 CSB301|วาสนา นัยโพธิ์
204217|Computer Programming Languages ภาษาโปรแกรมคอมพิวเตอร์ Teaching medium is in English/เรียนเป็นภาษาอังกฤษ|701|Tu Fr|1430-1630 1430-1630|CSB100 CSB307|คึกฤทธิ์ โอสถานันต์กุล
204217|Computer Programming Languages ภาษาโปรแกรมคอมพิวเตอร์|702|Tu Fr|1430-1630 1430-1630|CSB201 CSB301|สิทธิโชค ทรัพย์ไพบูลย์กิจ
204252|Data Structures and Analysis โครงสร้างข้อมูลและการวิเคราะห์|001|MTh|1300-1430 -|CSB210|เบญจมาศ ปัญญางาม
203103|General Chemistry 1 เคมีทั่วไป 1|001|TuF|0800-0930 -|CB1320|ชำนิ แสงภักดี Co-Instruc นุชนิภา นันทะวงศ์ วิมล นาคสาทา สิทธิชัย วิโรจนุปถัมภ์ ปะราลี แว่นแก้ว สุรินทร์ สายปัญญา รุ้งลาวัลย์ สมสุนันท์
203103|General Chemistry 1 เคมีทั่วไป 1|002|TuF|1430-1600 -|CB1320|ชำนิ แสงภักดี Co-Instruc นุชนิภา นันทะวงศ์ วิมล นาคสาทา สิทธิชัย วิโรจนุปถัมภ์ ปะราลี แว่นแก้ว สุรินทร์ สายปัญญา รุ้งลาวัลย์ สมสุนันท์
203103|General Chemistry 1 เคมีทั่วไป 1|003|TuF|0930-1100 -|CB1320|ชำนิ แสงภักดี Co-Instruc นุชนิภา นันทะวงศ์ วิมล นาคสาทา สิทธิชัย วิโรจนุปถัมภ์ ปะราลี แว่นแก้ว สุรินทร์ สายปัญญา รุ้งลาวัลย์ สมสุนันท์
203103|General Chemistry 1 เคมีทั่วไป 1 Teaching medium is in English/เรียนเป็นภาษาอังกฤษ|701|TuF|1100-1230 -|CB1310|สิทธิชัย วิโรจนุปถัมภ์ Co-Instruc อภินภัส รุจิวัตร์
001201|Critical Reading and Effective Writing การอ่านอย่างมีวิจารณญาณและการเขียนอย่างมีประสิทธิภาพ|001|MTh|0800-0930 -|RB5302|คณาจารย์
001201|Critical Reading and Effective Writing การอ่านอย่างมีวิจารณญาณและการเขียนอย่างมีประสิทธิภาพ|002|MTh|0800-0930 -|RB5207|คณาจารย์
001201|Critical Reading and Effective Writing การอ่านอย่างมีวิจารณญาณและการเขียนอย่างมีประสิทธิภาพ|006|MTh|1100-1230 -|RB3308|คณาจารย์
001201|Critical Reading and Effective Writing การอ่านอย่างมีวิจารณญาณและการเขียนอย่างมีประสิทธิภาพ|008|MTh|1100-1230 -|RB3410|คณาจารย์
001201|Critical Reading and Effective Writing การอ่านอย่างมีวิจารณญาณและการเขียนอย่างมีประสิทธิภาพ|015|MTh|0930-1100 -|RB5204|คณาจารย์
001201|Critical Reading and Effective Writing การอ่านอย่างมีวิจารณญาณและการเขียนอย่างมีประสิทธิภาพ|016|MTh|0930-1100 -|RB5207|คณาจารย์
001201|Critical Reading and Effective Writing การอ่านอย่างมีวิจารณญาณและการเขียนอย่างมีประสิทธิภาพ|043|MTh|1300-1430 -|RB5102|คณาจารย์
001201|Critical Reading and Effective Writing การอ่านอย่างมีวิจารณญาณและการเขียนอย่างมีประสิทธิภาพ|044|MTh|1300-1430 -|RB5303|คณาจารย์
001201|Critical Reading and Effective Writing การอ่านอย่างมีวิจารณญาณและการเขียนอย่างมีประสิทธิภาพ|057|MTh|1430-1600 -|RB5207|คณาจารย์
001201|Critical Reading and Effective Writing การอ่านอย่างมีวิจารณญาณและการเขียนอย่างมีประสิทธิภาพ|059|MTh|1430-1600 -|RB3206|คณาจารย์
001201|Critical Reading and Effective Writing การอ่านอย่างมีวิจารณญาณและการเขียนอย่างมีประสิทธิภาพ|070|TuF|0800-0930 -|RB5410|คณาจารย์
001201|Critical Reading and Effective Writing การอ่านอย่างมีวิจารณญาณและการเขียนอย่างมีประสิทธิภาพ|071|TuF|0800-0930 -|RB5304|คณาจารย์
001201|Critical Reading and Effective Writing การอ่านอย่างมีวิจารณญาณและการเขียนอย่างมีประสิทธิภาพ|085|TuF|0930-1100 -|RB5204|คณาจารย์
001201|Critical Reading and Effective Writing การอ่านอย่างมีวิจารณญาณและการเขียนอย่างมีประสิทธิภาพ|090|TuF|0930-1100 -|RB5209|คณาจารย์
001201|Critical Reading and Effective Writing การอ่านอย่างมีวิจารณญาณและการเขียนอย่างมีประสิทธิภาพ|099|TuF|1100-1230 -|RB5309|คณาจารย์
001201|Critical Reading and Effective Writing การอ่านอย่างมีวิจารณญาณและการเขียนอย่างมีประสิทธิภาพ|100|TuF|1100-1230 -|RB5308|คณาจารย์
001201|Critical Reading and Effective Writing การอ่านอย่างมีวิจารณญาณและการเขียนอย่างมีประสิทธิภาพ|113|TuF|1300-1430 -|HB7402|คณาจารย์
001201|Critical Reading and Effective Writing การอ่านอย่างมีวิจารณญาณและการเขียนอย่างมีประสิทธิภาพ|114|TuF|1300-1430 -|RB5204|คณาจารย์
001201|Critical Reading and Effective Writing การอ่านอย่างมีวิจารณญาณและการเขียนอย่างมีประสิทธิภาพ|127|TuF|1430-1600 -|RB3208|คณาจารย์
001201|Critical Reading and Effective Writing การอ่านอย่างมีวิจารณญาณและการเขียนอย่างมีประสิทธิภาพ|128|TuF|1430-1600 -|RB5303|คณาจารย์
001201|Critical Reading and Effective Writing การอ่านอย่างมีวิจารณญาณและการเขียนอย่างมีประสิทธิภาพ|129|TuF|0800-0930 -|TBA (RB5303)|คณาจารย์
001201|Critical Reading and Effective Writing การอ่านอย่างมีวิจารณญาณและการเขียนอย่างมีประสิทธิภาพ|130|TuF|0930-1100 -|TBA (RB3211)|คณาจารย์
001201|Critical Reading and Effective Writing การอ่านอย่างมีวิจารณญาณและการเขียนอย่างมีประสิทธิภาพ|701|TuF|1300-1430 -|RB3306|คณาจารย์
001201|Critical Reading and Effective Writing การอ่านอย่างมีวิจารณญาณและการเขียนอย่างมีประสิทธิภาพ|801|TBA|0000-0000 -|TBA|คณาจารย์
206457|Mathematics of Financial Derivatives คณิตศาสตร์อนุพันธ์การเงิน|001|TuF|0800-0930 -|SCB4301 ดูแผนที่|ขวัญชัย กันไว
206325|Linear Algebra พีชคณิตเชิงเส้น Teaching medium is in English/เรียนเป็นภาษาอังกฤษ|001|TuF|1100-1230 -|SCB4201|ธนดล ชาวบ้านเกาะ
206325|Linear Algebra พีชคณิตเชิงเส้น|801|TuF|1100-1230 -|SCB4201|ธนดล ชาวบ้านเกาะ
208453|Statistics for Finance and Investment สถิติสำหรับการเงินและการลงทุน|001|MTh|0930-1100 -|TBA|นวพร นาคหฤทัย
206324|Applied Linear Algebra พีชคณิตเชิงเส้นประยุกต์|001|TuF|1100-1230 -|MB2213-14|หทัยรัตน์ ยิ่งทวีสิทธิกุล
204217|Computer Programming Languages ภาษาโปรแกรมคอมพิวเตอร์|001|Fr Tu|1230-1430 1230-1430|CSB209 CSB308|สุธาสินี โทวุฒิกุล
204217|Computer Programming Languages ภาษาโปรแกรมคอมพิวเตอร์|002|Fr Tu|1230-1430 1230-1430|CSB201 CSB303|วาสนา นัยโพธิ์
204252|Data Structures and Analysis โครงสร้างข้อมูลและการวิเคราะห์|001|MTh|0930-1100 -|CSB210|ฐาปนพงษ์ รักกาญจนันท์
204252|Data Structures and Analysis โครงสร้างข้อมูลและการวิเคราะห์|002|MTh|0930-1100 -|CSB202|จักริน ชวชาติ
204453|Pattern Recognition การรู้จำแบบ|001|Mo Th|1430-1630 1430-1630|CSB100 CSB301|ชุมพล บุญคุ้มพรภัทร
201111|The World of Science โลกแห่งวิทยาศาสตร์|001|MTh|1100-1230 -|SCB2100|สหัสชัย อินวงศ์วาร Co-Instruc ประสิทธิ์ วังภคพัฒนวงศ์ สหัสชัย อินวงศ์วาร ศรัญพงศ์ ยิ้มกลั่น กุลภา ชนะวรรโณ วศิน สมบุตร รัฐพล อำพล พัชรินทร์ โคสุวรรณ จันทร์ดี ธนะศักดิ์ หมวกทองหลาง ทิพย์สุคนธ์ คุ้มแสง สุภัทรชัย ศักดิ์สกุลไกร
201111|The World of Science โลกแห่งวิทยาศาสตร์|002|MTh|1100-1230 -|CB1320|สหัสชัย อินวงศ์วาร Co-Instruc ประสิทธิ์ วังภคพัฒนวงศ์ สหัสชัย อินวงศ์วาร ศรัญพงศ์ ยิ้มกลั่น กุลภา ชนะวรรโณ วศิน สมบุตร รัฐพล อำพล พัชรินทร์ โคสุวรรณ จันทร์ดี ธนะศักดิ์ หมวกทองหลาง ทิพย์สุคนธ์ คุ้มแสง สุภัทรชัย ศักดิ์สกุลไกร
201111|The World of Science โลกแห่งวิทยาศาสตร์ Teaching medium is in English/เรียนเป็นภาษาอังกฤษ|701|MTh|1430-1600 -|CB1113|กุลภา ชนะวรรโณ Co-Instruc วาทิต โคกทอง ประสิทธิ์ วังภคพัฒนวงศ์ กุลภา ชนะวรรโณ ภูมิศร์ ทับทิมแดง
207187|Physics 1 ฟิสิกส์ 1|001|TuF|0800-0930 -|PB1-330|จตุพร สายสุด Co-Instruc จิตรลดา ทองใบ
207187|Physics 1 ฟิสิกส์ 1|002|TuF|0800-0930 -|PB1-230|อรวรรณ ศิริอริยะชัย Co-Instruc อุดมรัตน์ ทิพวรรณ
207187|Physics 1 ฟิสิกส์ 1|003|TuF|1300-1430 -|PB1-330|อรวรรณ ศิริอริยะชัย Co-Instruc สุกฤต สุจริตกุล
207187|Physics 1 ฟิสิกส์ 1|004|TuF|1100-1230 -|PB1-330|จตุพร สายสุด Co-Instruc อุดมรัตน์ ทิพวรรณ
207187|Physics 1 ฟิสิกส์ 1|701|MTh|1430-1600 -|PB1-330|ทิพย์สุคนธ์ คุ้มแสง Co-Instruc คมสันติ โชคถวาย
140104|Citizenship การเป็นพลเมือง|001|MTh|0930-1100 -|MANGO Canvas และ MS Teams|ไพลิน ภู่จีนาพันธุ์
140104|Citizenship การเป็นพลเมือง|801|M-F|1630-1800 -|MANGO Canvas และ MS Teams|ไพลิน ภู่จีนาพันธุ์
208451|Analytics for Experimental and Simulated Data การวิเคราะห์สำหรับข้อมูลเชิงทดลองและข้อมูลจำลอง|001|Tu Fr|1230-1430 1230-1430|- STB 107|กมลรัตน์ สุภาวรรณ Co-Instruc พิมพ์วรัชญ์ ศรีคำมูล
001102|Fundamental English 2 ภาษาอังกฤษพื้นฐาน 2|004|MTh|0800-0930 -|RB3302|คณาจารย์
001102|Fundamental English 2 ภาษาอังกฤษพื้นฐาน 2|008|TuF|1300-1430 -|RB5207|คณาจารย์
001102|Fundamental English 2 ภาษาอังกฤษพื้นฐาน 2|009|TuF|1430-1600 -|RB5202|คณาจารย์
001102|Fundamental English 2 ภาษาอังกฤษพื้นฐาน 2|011|TuF|0800-0930 -|EB2304M|คณาจารย์
001102|Fundamental English 2 ภาษาอังกฤษพื้นฐาน 2|012|TuF|1300-1430 -|RB5209|คณาจารย์
001102|Fundamental English 2 ภาษาอังกฤษพื้นฐาน 2|016|TuF|1300-1430 -|RB3406|คณาจารย์
001102|Fundamental English 2 ภาษาอังกฤษพื้นฐาน 2|020|TuF|0800-0930 -|RB5205|คณาจารย์
001102|Fundamental English 2 ภาษาอังกฤษพื้นฐาน 2|021|TuF|0800-0930 -|RB3209|คณาจารย์
001102|Fundamental English 2 ภาษาอังกฤษพื้นฐาน 2|023|MTh|0800-0930 -|RB5404|คณาจารย์
001102|Fundamental English 2 ภาษาอังกฤษพื้นฐาน 2|027|MTh|1300-1430 -|RB3207|คณาจารย์
001102|Fundamental English 2 ภาษาอังกฤษพื้นฐาน 2|028|TuF|1300-1430 -|RB5408|คณาจารย์
001102|Fundamental English 2 ภาษาอังกฤษพื้นฐาน 2|029|TuF|1430-1600 -|RB5208|คณาจารย์
001102|Fundamental English 2 ภาษาอังกฤษพื้นฐาน 2|030|MTh|0930-1100 -|RB3210|คณาจารย์
001102|Fundamental English 2 ภาษาอังกฤษพื้นฐาน 2|032|MTh|1300-1430 -|RB3307|คณาจารย์
001102|Fundamental English 2 ภาษาอังกฤษพื้นฐาน 2|038|TuF|1100-1230 -|RB3203|คณาจารย์
001102|Fundamental English 2 ภาษาอังกฤษพื้นฐาน 2|040|MTh|1300-1430 -|RB5302|คณาจารย์
001102|Fundamental English 2 ภาษาอังกฤษพื้นฐาน 2|041|TuF|0800-0930 -|HB7506|คณาจารย์
001102|Fundamental English 2 ภาษาอังกฤษพื้นฐาน 2|043|TuF|1100-1230 -|RB3209|คณาจารย์
001102|Fundamental English 2 ภาษาอังกฤษพื้นฐาน 2|044|TuF|1100-1230 -|RB3202|คณาจารย์
001102|Fundamental English 2 ภาษาอังกฤษพื้นฐาน 2|045|TuF|0800-0930 -|RB5104|คณาจารย์
001102|Fundamental English 2 ภาษาอังกฤษพื้นฐาน 2|701|MTh|0800-0930 -|RB3206|คณาจารย์
001102|Fundamental English 2 ภาษาอังกฤษพื้นฐาน 2|703|MTh|0800-0930 -|TBA|คณาจารย์
001102|Fundamental English 2 ภาษาอังกฤษพื้นฐาน 2|704|MTh|1430-1600 -|RB5410|คณาจารย์
001102|Fundamental English 2 ภาษาอังกฤษพื้นฐาน 2|705|MTh|1430-1600 -|TBA|คณาจารย์
140104|Citizenship การเป็นพลเมือง|001|MTh|0930-1100 -|online|ชนินทร เพ็ญสูตร
140104|Citizenship การเป็นพลเมือง|002|MTh|0930-1100 -|Online|ชนินทร เพ็ญสูตร
140104|Citizenship การเป็นพลเมือง|003|MTh|1100-1230 -|Online|ชนินทร เพ็ญสูตร
140104|Citizenship การเป็นพลเมือง|004|MTh|1100-1230 -|Online|ชนินทร เพ็ญสูตร
140104|Citizenship การเป็นพลเมือง|005|MTh|1300-1430 -|Online|ไพลิน ภู่จีนาพันธุ์
140104|Citizenship การเป็นพลเมือง|006|MTh|1430-1600 -|Online|ไพลิน ภู่จีนาพันธุ์
140104|Citizenship การเป็นพลเมือง|007|MTh|1430-1600 -|Online|ไพลิน ภู่จีนาพันธุ์
140104|Citizenship การเป็นพลเมือง|008|TuF|0930-1100 -|Online|ไพลิน ภู่จีนาพันธุ์
140104|Citizenship การเป็นพลเมือง|009|TuF|0930-1100 -|Online|ไพลิน ภู่จีนาพันธุ์
140104|Citizenship การเป็นพลเมือง|010|TuF|1100-1230 -|Online|ไพลิน ภู่จีนาพันธุ์
140104|Citizenship การเป็นพลเมือง|011|TuF|1100-1230 -|Online|ไพลิน ภู่จีนาพันธุ์
140104|Citizenship การเป็นพลเมือง|012|TuF|1300-1430 -|Online|ชนินทร เพ็ญสูตร
140104|Citizenship การเป็นพลเมือง|013|TuF|1430-1600 -|Online|ชนินทร เพ็ญสูตร
140104|Citizenship การเป็นพลเมือง|014|TuF|1430-1600 -|Online|ชนินทร เพ็ญสูตร
140104|Citizenship การเป็นพลเมือง|015|TuF|0930-1100 -|Online|ไพลิน ภู่จีนาพันธุ์
140104|Citizenship การเป็นพลเมือง Teaching medium is in English/เรียนเป็นภาษาอังกฤษ|701|MTh|1300-1430 -|Online|ภาณุวัฒน์ พันธุ์ประเสริฐ
140104|Citizenship การเป็นพลเมือง Teaching medium is in English/เรียนเป็นภาษาอังกฤษ|702|TuF|0930-1100 -|Online|ภาณุวัฒน์ พันธุ์ประเสริฐ
140104|Citizenship การเป็นพลเมือง|703|We|0900-1200 -|Online|ภาณุวัฒน์ พันธุ์ประเสริฐ
140104|Citizenship การเป็นพลเมือง|704|We|1300-1600 -|Online|ภาณุวัฒน์ พันธุ์ประเสริฐ
140104|Citizenship การเป็นพลเมือง|801|Sa|0900-1200 -|Online|ชนินทร เพ็ญสูตร
140104|Citizenship การเป็นพลเมือง|802|Sa|1300-1600 -|Online|ไพลิน ภู่จีนาพันธุ์
206441|Nonlinear Ordinary Differential Equations สมการเชิงอนุพันธ์สามัญไม่เชิงเส้น|001|TuF|1300-1430 -|SCB4301|ธีรนุช สืบเจริญ
207187|Physics 1 ฟิสิกส์ 1|001|TuF|0800-0930 -|PB1-230|เชิดศักดิ์ แซ่ลี่ Co-Instruc อุดมรัตน์ ทิพวรรณ
204483|Computer Vision การมองเห็นของคอมพิวเตอร์|001|MTh|1430-1600 -|CSB203|วัฒนา จินดาหลวง
954472|Business Data Visualization การแสดงข้อมูลธุรกิจ|001|Mo Mo|0800-1000 1000-1200|ILC-C208 ILC-C208|อฬิญญา พงษ์วาท
001225|English for Science and Technology ภาษาอังกฤษสำหรับวิทยาศาสตร์และเทคโนโลยี|001|MTh|0930-1100 -|RB5203|คณาจารย์
001225|English for Science and Technology ภาษาอังกฤษสำหรับวิทยาศาสตร์และเทคโนโลยี|002|MTh|0930-1100 -|RB3304|คณาจารย์
001225|English for Science and Technology ภาษาอังกฤษสำหรับวิทยาศาสตร์และเทคโนโลยี|003|MTh|1100-1230 -|RB5408|คณาจารย์
001225|English for Science and Technology ภาษาอังกฤษสำหรับวิทยาศาสตร์และเทคโนโลยี|004|MTh|1100-1230 -|RB5403|คณาจารย์
001225|English for Science and Technology ภาษาอังกฤษสำหรับวิทยาศาสตร์และเทคโนโลยี|005|MTh|1100-1230 -|RB5310|คณาจารย์
001225|English for Science and Technology ภาษาอังกฤษสำหรับวิทยาศาสตร์และเทคโนโลยี|006|MTh|1100-1230 -|RB3408|คณาจารย์
001225|English for Science and Technology ภาษาอังกฤษสำหรับวิทยาศาสตร์และเทคโนโลยี|007|MTh|1300-1430 -|RB5308|คณาจารย์
001225|English for Science and Technology ภาษาอังกฤษสำหรับวิทยาศาสตร์และเทคโนโลยี|008|MTh|1300-1430 -|RB5310|คณาจารย์
001225|English for Science and Technology ภาษาอังกฤษสำหรับวิทยาศาสตร์และเทคโนโลยี|009|TuF|0800-0930 -|RB5305|คณาจารย์
001225|English for Science and Technology ภาษาอังกฤษสำหรับวิทยาศาสตร์และเทคโนโลยี|010|TuF|0800-0930 -|RB5404|คณาจารย์
001225|English for Science and Technology ภาษาอังกฤษสำหรับวิทยาศาสตร์และเทคโนโลยี|011|TuF|0800-0930 -|RB5309|คณาจารย์
001225|English for Science and Technology ภาษาอังกฤษสำหรับวิทยาศาสตร์และเทคโนโลยี|012|TuF|0930-1100 -|RB3205|คณาจารย์
001225|English for Science and Technology ภาษาอังกฤษสำหรับวิทยาศาสตร์และเทคโนโลยี|013|TuF|1100-1230 -|RB3304|คณาจารย์
001225|English for Science and Technology ภาษาอังกฤษสำหรับวิทยาศาสตร์และเทคโนโลยี|014|TuF|1100-1230 -|RB5207|คณาจารย์
001225|English for Science and Technology ภาษาอังกฤษสำหรับวิทยาศาสตร์และเทคโนโลยี|015|TuF|1300-1430 -|RB5307|คณาจารย์
001225|English for Science and Technology ภาษาอังกฤษสำหรับวิทยาศาสตร์และเทคโนโลยี|016|TuF|0930-1100 -|RB5305|คณาจารย์
001225|English for Science and Technology ภาษาอังกฤษสำหรับวิทยาศาสตร์และเทคโนโลยี|017|MTh|1300-1430 -|RB5407|คณาจารย์
001225|English for Science and Technology ภาษาอังกฤษสำหรับวิทยาศาสตร์และเทคโนโลยี|018|MTh|1430-1600 -|RB5405|คณาจารย์
001225|English for Science and Technology ภาษาอังกฤษสำหรับวิทยาศาสตร์และเทคโนโลยี|019|TuF|0930-1100 -|RB5206|คณาจารย์
001225|English for Science and Technology ภาษาอังกฤษสำหรับวิทยาศาสตร์และเทคโนโลยี|020|TuF|0930-1100 -|RB5103|คณาจารย์
001225|English for Science and Technology ภาษาอังกฤษสำหรับวิทยาศาสตร์และเทคโนโลยี|021|TuF|1300-1430 -|RB3401|คณาจารย์
001225|English for Science and Technology ภาษาอังกฤษสำหรับวิทยาศาสตร์และเทคโนโลยี|022|MTh|0930-1100 -|RB3208|คณาจารย์
001225|English for Science and Technology ภาษาอังกฤษสำหรับวิทยาศาสตร์และเทคโนโลยี|023|TuF|1100-1230 -|RB5204|คณาจารย์
001225|English for Science and Technology ภาษาอังกฤษสำหรับวิทยาศาสตร์และเทคโนโลยี|024|TuF|1300-1430 -|RB5308|คณาจารย์
001225|English for Science and Technology ภาษาอังกฤษสำหรับวิทยาศาสตร์และเทคโนโลยี|025|TuF|1430-1600 -|RB5205|คณาจารย์
001225|English for Science and Technology ภาษาอังกฤษสำหรับวิทยาศาสตร์และเทคโนโลยี|026|MTh|0930-1100 -|RB3203|คณาจารย์
001225|English for Science and Technology ภาษาอังกฤษสำหรับวิทยาศาสตร์และเทคโนโลยี|027|TuF|1300-1430 -|RB5309|คณาจารย์
001225|English for Science and Technology ภาษาอังกฤษสำหรับวิทยาศาสตร์และเทคโนโลยี|028|MTh|1300-1430 -|RB5408|คณาจารย์
001225|English for Science and Technology ภาษาอังกฤษสำหรับวิทยาศาสตร์และเทคโนโลยี|029|TuF|1100-1230 -|RB3201|คณาจารย์
001225|English for Science and Technology ภาษาอังกฤษสำหรับวิทยาศาสตร์และเทคโนโลยี|030|TuF|1430-1600 -|RB5206|คณาจารย์
001225|English for Science and Technology ภาษาอังกฤษสำหรับวิทยาศาสตร์และเทคโนโลยี|031|TuF|0930-1100 -|HB7711|คณาจารย์
001225|English for Science and Technology ภาษาอังกฤษสำหรับวิทยาศาสตร์และเทคโนโลยี|032|TuF|0930-1100 -|RB5104|คณาจารย์
001225|English for Science and Technology ภาษาอังกฤษสำหรับวิทยาศาสตร์และเทคโนโลยี|033|TuF|0930-1100 -|RB3308|คณาจารย์
001225|English for Science and Technology ภาษาอังกฤษสำหรับวิทยาศาสตร์และเทคโนโลยี|034|MTh|1430-1600 -|RB5406|คณาจารย์
001225|English for Science and Technology ภาษาอังกฤษสำหรับวิทยาศาสตร์และเทคโนโลยี|035|TuF|1100-1230 -|RB3205|คณาจารย์
001225|English for Science and Technology ภาษาอังกฤษสำหรับวิทยาศาสตร์และเทคโนโลยี|036|TuF|0930-1100 -|RB5410|คณาจารย์
001225|English for Science and Technology ภาษาอังกฤษสำหรับวิทยาศาสตร์และเทคโนโลยี|037|MTh|1600-1730 -|HB7505|คณาจารย์
001225|English for Science and Technology ภาษาอังกฤษสำหรับวิทยาศาสตร์และเทคโนโลยี|038|MTh|1600-1730 -|HB7508|คณาจารย์
001225|English for Science and Technology ภาษาอังกฤษสำหรับวิทยาศาสตร์และเทคโนโลยี|039|TuF|1300-1430 -|RB5205|คณาจารย์
001225|English for Science and Technology ภาษาอังกฤษสำหรับวิทยาศาสตร์และเทคโนโลยี|040|MTh|1430-1600 -|RB5104|คณาจารย์
001225|English for Science and Technology ภาษาอังกฤษสำหรับวิทยาศาสตร์และเทคโนโลยี|041|MTh|1100-1230 -|RB5406|คณาจารย์
001225|English for Science and Technology ภาษาอังกฤษสำหรับวิทยาศาสตร์และเทคโนโลยี|042|MTh|1600-1730 -|HB7502|คณาจารย์
001225|English for Science and Technology ภาษาอังกฤษสำหรับวิทยาศาสตร์และเทคโนโลยี|701|MTh|0930-1100 -|RB5105|คณาจารย์
001225|English for Science and Technology ภาษาอังกฤษสำหรับวิทยาศาสตร์และเทคโนโลยี|702|MTh|0930-1100 -|HB5200|คณาจารย์
001225|English for Science and Technology ภาษาอังกฤษสำหรับวิทยาศาสตร์และเทคโนโลยี|703|MTh|0930-1100 -|ICB1209|คณาจารย์
001225|English for Science and Technology ภาษาอังกฤษสำหรับวิทยาศาสตร์และเทคโนโลยี|704|MTh|1300-1430 -|RB5410|คณาจารย์
001225|English for Science and Technology ภาษาอังกฤษสำหรับวิทยาศาสตร์และเทคโนโลยี|705|MTh|1300-1430 -|RB3408|คณาจารย์
001225|English for Science and Technology ภาษาอังกฤษสำหรับวิทยาศาสตร์และเทคโนโลยี|706|TuF|0800-0930 -|HB7606|คณาจารย์
001225|English for Science and Technology ภาษาอังกฤษสำหรับวิทยาศาสตร์และเทคโนโลยี|707|TuF|0930-1100 -|RB3203|คณาจารย์
001225|English for Science and Technology ภาษาอังกฤษสำหรับวิทยาศาสตร์และเทคโนโลยี|708|TuF|0930-1100 -|RB5307|คณาจารย์
001225|English for Science and Technology ภาษาอังกฤษสำหรับวิทยาศาสตร์และเทคโนโลยี|709|MTh|0800-0930 -|ICB1209|คณาจารย์
001225|English for Science and Technology ภาษาอังกฤษสำหรับวิทยาศาสตร์และเทคโนโลยี|710|MTh|0800-0930 -|RB3309|คณาจารย์
001225|English for Science and Technology ภาษาอังกฤษสำหรับวิทยาศาสตร์และเทคโนโลยี|801|TuF|1630-1800 -|ENG312|คณาจารย์
001225|English for Science and Technology ภาษาอังกฤษสำหรับวิทยาศาสตร์และเทคโนโลยี|802|TuF|1800-1930 -|ENG312|คณาจารย์
001225|English for Science and Technology ภาษาอังกฤษสำหรับวิทยาศาสตร์และเทคโนโลยี|803|TuF|1630-1800 -|ENG212|คณาจารย์
001225|English for Science and Technology ภาษาอังกฤษสำหรับวิทยาศาสตร์และเทคโนโลยี|804|TuF|1800-1930 -|ENG212|คณาจารย์
001225|English for Science and Technology ภาษาอังกฤษสำหรับวิทยาศาสตร์และเทคโนโลยี|805|TuF|1630-1800 -|ENG214|คณาจารย์
001225|English for Science and Technology ภาษาอังกฤษสำหรับวิทยาศาสตร์และเทคโนโลยี|806|TuF|1800-1930 -|ENG214|คณาจารย์
001201|Critical Reading and Effective Writing การอ่านอย่างมีวิจารณญาณและการเขียนอย่างมีประสิทธิภาพ|001|MTh|0800-0930 -|HB7506|คณาจารย์
001201|Critical Reading and Effective Writing การอ่านอย่างมีวิจารณญาณและการเขียนอย่างมีประสิทธิภาพ|002|MTh|0800-0930 -|RB5202|คณาจารย์
001201|Critical Reading and Effective Writing การอ่านอย่างมีวิจารณญาณและการเขียนอย่างมีประสิทธิภาพ|003|MTh|0930-1100 -|RB5302|คณาจารย์
001201|Critical Reading and Effective Writing การอ่านอย่างมีวิจารณญาณและการเขียนอย่างมีประสิทธิภาพ|004|MTh|0930-1100 -|RB3406|คณาจารย์
001201|Critical Reading and Effective Writing การอ่านอย่างมีวิจารณญาณและการเขียนอย่างมีประสิทธิภาพ|005|MTh|0930-1100 -|RB5203|คณาจารย์
001201|Critical Reading and Effective Writing การอ่านอย่างมีวิจารณญาณและการเขียนอย่างมีประสิทธิภาพ|007|MTh|1100-1230 -|RB5302|คณาจารย์
001201|Critical Reading and Effective Writing การอ่านอย่างมีวิจารณญาณและการเขียนอย่างมีประสิทธิภาพ|008|MTh|1100-1230 -|RB3203|คณาจารย์
001201|Critical Reading and Effective Writing การอ่านอย่างมีวิจารณญาณและการเขียนอย่างมีประสิทธิภาพ|009|MTh|1300-1430 -|RB5304|คณาจารย์
001201|Critical Reading and Effective Writing การอ่านอย่างมีวิจารณญาณและการเขียนอย่างมีประสิทธิภาพ|010|MTh|0930-1100 -|HB7605|คณาจารย์
001201|Critical Reading and Effective Writing การอ่านอย่างมีวิจารณญาณและการเขียนอย่างมีประสิทธิภาพ|012|MTh|1100-1230 -|RB3206|คณาจารย์
001201|Critical Reading and Effective Writing การอ่านอย่างมีวิจารณญาณและการเขียนอย่างมีประสิทธิภาพ|013|TuF|0800-0930 -|RB3304|คณาจารย์
001201|Critical Reading and Effective Writing การอ่านอย่างมีวิจารณญาณและการเขียนอย่างมีประสิทธิภาพ|017|TuF|1300-1430 -|RB5205|คณาจารย์
001201|Critical Reading and Effective Writing การอ่านอย่างมีวิจารณญาณและการเขียนอย่างมีประสิทธิภาพ|018|TuF|1430-1600 -|RB3301|คณาจารย์
001201|Critical Reading and Effective Writing การอ่านอย่างมีวิจารณญาณและการเขียนอย่างมีประสิทธิภาพ|020|TuF|1100-1230 -|RB3302|คณาจารย์
001201|Critical Reading and Effective Writing การอ่านอย่างมีวิจารณญาณและการเขียนอย่างมีประสิทธิภาพ|022|TuF|0930-1100 -|RB5402|คณาจารย์
001201|Critical Reading and Effective Writing การอ่านอย่างมีวิจารณญาณและการเขียนอย่างมีประสิทธิภาพ|023|TuF|0800-0930 -|RB5410|คณาจารย์
001201|Critical Reading and Effective Writing การอ่านอย่างมีวิจารณญาณและการเขียนอย่างมีประสิทธิภาพ|025|TuF|1300-1430 -|RB5303|คณาจารย์
001201|Critical Reading and Effective Writing การอ่านอย่างมีวิจารณญาณและการเขียนอย่างมีประสิทธิภาพ|026|MTh|0930-1100 -|RB5412|คณาจารย์
001201|Critical Reading and Effective Writing การอ่านอย่างมีวิจารณญาณและการเขียนอย่างมีประสิทธิภาพ|027|MTh|1300-1430 -|RB3203|คณาจารย์
001201|Critical Reading and Effective Writing การอ่านอย่างมีวิจารณญาณและการเขียนอย่างมีประสิทธิภาพ|028|MTh|1100-1230 -|HB7702|คณาจารย์
001201|Critical Reading and Effective Writing การอ่านอย่างมีวิจารณญาณและการเขียนอย่างมีประสิทธิภาพ|032|TuF|0930-1100 -|RB5403|คณาจารย์
001201|Critical Reading and Effective Writing การอ่านอย่างมีวิจารณญาณและการเขียนอย่างมีประสิทธิภาพ|035|MTh|0800-0930 -|RB5209|คณาจารย์
001201|Critical Reading and Effective Writing การอ่านอย่างมีวิจารณญาณและการเขียนอย่างมีประสิทธิภาพ|038|MTh|1300-1430 -|RB5402|คณาจารย์
001201|Critical Reading and Effective Writing การอ่านอย่างมีวิจารณญาณและการเขียนอย่างมีประสิทธิภาพ|041|TuF|0800-0930 -|EB2304M|คณาจารย์
001201|Critical Reading and Effective Writing การอ่านอย่างมีวิจารณญาณและการเขียนอย่างมีประสิทธิภาพ|042|MTh|0930-1100 -|RB3202|คณาจารย์
001201|Critical Reading and Effective Writing การอ่านอย่างมีวิจารณญาณและการเขียนอย่างมีประสิทธิภาพ|043|MTh|1300-1430 -|RB3210|คณาจารย์
001201|Critical Reading and Effective Writing การอ่านอย่างมีวิจารณญาณและการเขียนอย่างมีประสิทธิภาพ|044|MTh|0800-0930 -|RB5410|คณาจารย์
001201|Critical Reading and Effective Writing การอ่านอย่างมีวิจารณญาณและการเขียนอย่างมีประสิทธิภาพ|045|MTh|0800-0930 -|RB5412|คณาจารย์
001201|Critical Reading and Effective Writing การอ่านอย่างมีวิจารณญาณและการเขียนอย่างมีประสิทธิภาพ|046|MTh|0800-0930 -|RB5204|คณาจารย์
001201|Critical Reading and Effective Writing การอ่านอย่างมีวิจารณญาณและการเขียนอย่างมีประสิทธิภาพ|047|MTh|0800-0930 -|RB3305|คณาจารย์
001201|Critical Reading and Effective Writing การอ่านอย่างมีวิจารณญาณและการเขียนอย่างมีประสิทธิภาพ|048|MTh|0800-0930 -|RB3409|คณาจารย์
001201|Critical Reading and Effective Writing การอ่านอย่างมีวิจารณญาณและการเขียนอย่างมีประสิทธิภาพ|049|MTh|0800-0930 -|RB3208|คณาจารย์
001201|Critical Reading and Effective Writing การอ่านอย่างมีวิจารณญาณและการเขียนอย่างมีประสิทธิภาพ|050|MTh|0930-1100 -|RB3403|คณาจารย์
001201|Critical Reading and Effective Writing การอ่านอย่างมีวิจารณญาณและการเขียนอย่างมีประสิทธิภาพ|051|MTh|0930-1100 -|RB5202|คณาจารย์
001201|Critical Reading and Effective Writing การอ่านอย่างมีวิจารณญาณและการเขียนอย่างมีประสิทธิภาพ|052|MTh|0930-1100 -|RB3211|คณาจารย์
001201|Critical Reading and Effective Writing การอ่านอย่างมีวิจารณญาณและการเขียนอย่างมีประสิทธิภาพ|053|MTh|0930-1100 -|RB5403|คณาจารย์
001201|Critical Reading and Effective Writing การอ่านอย่างมีวิจารณญาณและการเขียนอย่างมีประสิทธิภาพ|054|MTh|0930-1100 -|HB7306|คณาจารย์
001201|Critical Reading and Effective Writing การอ่านอย่างมีวิจารณญาณและการเขียนอย่างมีประสิทธิภาพ|055|MTh|0930-1100 -|RB5404|คณาจารย์
001201|Critical Reading and Effective Writing การอ่านอย่างมีวิจารณญาณและการเขียนอย่างมีประสิทธิภาพ|056|MTh|0930-1100 -|RB3310|คณาจารย์
001201|Critical Reading and Effective Writing การอ่านอย่างมีวิจารณญาณและการเขียนอย่างมีประสิทธิภาพ|057|MTh|0930-1100 -|RB5208|คณาจารย์
001201|Critical Reading and Effective Writing การอ่านอย่างมีวิจารณญาณและการเขียนอย่างมีประสิทธิภาพ|058|MTh|0930-1100 -|RB5405|คณาจารย์
001201|Critical Reading and Effective Writing การอ่านอย่างมีวิจารณญาณและการเขียนอย่างมีประสิทธิภาพ|059|MTh|0930-1100 -|RB3304|คณาจารย์
001201|Critical Reading and Effective Writing การอ่านอย่างมีวิจารณญาณและการเขียนอย่างมีประสิทธิภาพ|060|MTh|0930-1100 -|RB5206|คณาจารย์
001201|Critical Reading and Effective Writing การอ่านอย่างมีวิจารณญาณและการเขียนอย่างมีประสิทธิภาพ|061|MTh|0930-1100 -|RB5207|คณาจารย์
001201|Critical Reading and Effective Writing การอ่านอย่างมีวิจารณญาณและการเขียนอย่างมีประสิทธิภาพ|062|MTh|0930-1100 -|RB5410|คณาจารย์
001201|Critical Reading and Effective Writing การอ่านอย่างมีวิจารณญาณและการเขียนอย่างมีประสิทธิภาพ|063|MTh|0930-1100 -|RB5303|คณาจารย์
001201|Critical Reading and Effective Writing การอ่านอย่างมีวิจารณญาณและการเขียนอย่างมีประสิทธิภาพ|064|MTh|0930-1100 -|RB5307|คณาจารย์
001201|Critical Reading and Effective Writing การอ่านอย่างมีวิจารณญาณและการเขียนอย่างมีประสิทธิภาพ|065|MTh|0930-1100 -|RB3203|คณาจารย์
001201|Critical Reading and Effective Writing การอ่านอย่างมีวิจารณญาณและการเขียนอย่างมีประสิทธิภาพ|066|MTh|0930-1100 -|RB3411|คณาจารย์
001201|Critical Reading and Effective Writing การอ่านอย่างมีวิจารณญาณและการเขียนอย่างมีประสิทธิภาพ|067|MTh|0930-1100 -|RB3201|คณาจารย์
001201|Critical Reading and Effective Writing การอ่านอย่างมีวิจารณญาณและการเขียนอย่างมีประสิทธิภาพ|068|MTh|1100-1230 -|HB7701|คณาจารย์
001201|Critical Reading and Effective Writing การอ่านอย่างมีวิจารณญาณและการเขียนอย่างมีประสิทธิภาพ|069|MTh|1100-1230 -|HB7608|คณาจารย์
001201|Critical Reading and Effective Writing การอ่านอย่างมีวิจารณญาณและการเขียนอย่างมีประสิทธิภาพ|070|MTh|1100-1230 -|RB3210|คณาจารย์
001201|Critical Reading and Effective Writing การอ่านอย่างมีวิจารณญาณและการเขียนอย่างมีประสิทธิภาพ|071|MTh|1100-1230 -|HB5330|คณาจารย์
001201|Critical Reading and Effective Writing การอ่านอย่างมีวิจารณญาณและการเขียนอย่างมีประสิทธิภาพ|072|MTh|1100-1230 -|RB5206|คณาจารย์
001201|Critical Reading and Effective Writing การอ่านอย่างมีวิจารณญาณและการเขียนอย่างมีประสิทธิภาพ|073|MTh|1100-1230 -|RB3308|คณาจารย์
001201|Critical Reading and Effective Writing การอ่านอย่างมีวิจารณญาณและการเขียนอย่างมีประสิทธิภาพ|074|MTh|1100-1230 -|RB5407|คณาจารย์
001201|Critical Reading and Effective Writing การอ่านอย่างมีวิจารณญาณและการเขียนอย่างมีประสิทธิภาพ|075|MTh|1100-1230 -|RB5405|คณาจารย์
001201|Critical Reading and Effective Writing การอ่านอย่างมีวิจารณญาณและการเขียนอย่างมีประสิทธิภาพ|076|MTh|1100-1230 -|RB5409|คณาจารย์
001201|Critical Reading and Effective Writing การอ่านอย่างมีวิจารณญาณและการเขียนอย่างมีประสิทธิภาพ|077|MTh|1100-1230 -|RB5205|คณาจารย์
001201|Critical Reading and Effective Writing การอ่านอย่างมีวิจารณญาณและการเขียนอย่างมีประสิทธิภาพ|078|MTh|1100-1230 -|RB5209|คณาจารย์
001201|Critical Reading and Effective Writing การอ่านอย่างมีวิจารณญาณและการเขียนอย่างมีประสิทธิภาพ|079|MTh|1100-1230 -|RB5305|คณาจารย์
001201|Critical Reading and Effective Writing การอ่านอย่างมีวิจารณญาณและการเขียนอย่างมีประสิทธิภาพ|085|MTh|1100-1230 -|RB5404|คณาจารย์
001201|Critical Reading and Effective Writing การอ่านอย่างมีวิจารณญาณและการเขียนอย่างมีประสิทธิภาพ|090|MTh|1100-1230 -|RB3205|คณาจารย์
001201|Critical Reading and Effective Writing การอ่านอย่างมีวิจารณญาณและการเขียนอย่างมีประสิทธิภาพ|092|MTh|1300-1430 -|RB5411|คณาจารย์
001201|Critical Reading and Effective Writing การอ่านอย่างมีวิจารณญาณและการเขียนอย่างมีประสิทธิภาพ|093|MTh|1300-1430 -|RB5209|คณาจารย์
001201|Critical Reading and Effective Writing การอ่านอย่างมีวิจารณญาณและการเขียนอย่างมีประสิทธิภาพ|094|MTh|1300-1430 -|RB3406|คณาจารย์
001201|Critical Reading and Effective Writing การอ่านอย่างมีวิจารณญาณและการเขียนอย่างมีประสิทธิภาพ|095|MTh|1300-1430 -|RB5409|คณาจารย์
001201|Critical Reading and Effective Writing การอ่านอย่างมีวิจารณญาณและการเขียนอย่างมีประสิทธิภาพ|096|MTh|1300-1430 -|RB3411|คณาจารย์
001201|Critical Reading and Effective Writing การอ่านอย่างมีวิจารณญาณและการเขียนอย่างมีประสิทธิภาพ|097|MTh|1300-1430 -|HB7503|คณาจารย์
001201|Critical Reading and Effective Writing การอ่านอย่างมีวิจารณญาณและการเขียนอย่างมีประสิทธิภาพ|098|MTh|1300-1430 -|RB3206|คณาจารย์
001201|Critical Reading and Effective Writing การอ่านอย่างมีวิจารณญาณและการเขียนอย่างมีประสิทธิภาพ|099|MTh|1300-1430 -|RB5408|คณาจารย์
001201|Critical Reading and Effective Writing การอ่านอย่างมีวิจารณญาณและการเขียนอย่างมีประสิทธิภาพ|100|MTh|1300-1430 -|RB5404|คณาจารย์
001201|Critical Reading and Effective Writing การอ่านอย่างมีวิจารณญาณและการเขียนอย่างมีประสิทธิภาพ|102|MTh|1300-1430 -|RB5407|คณาจารย์
001201|Critical Reading and Effective Writing การอ่านอย่างมีวิจารณญาณและการเขียนอย่างมีประสิทธิภาพ|103|MTh|1300-1430 -|RB3309|คณาจารย์
001201|Critical Reading and Effective Writing การอ่านอย่างมีวิจารณญาณและการเขียนอย่างมีประสิทธิภาพ|104|MTh|1300-1430 -|RB5406|คณาจารย์
001201|Critical Reading and Effective Writing การอ่านอย่างมีวิจารณญาณและการเขียนอย่างมีประสิทธิภาพ|105|MTh|1430-1600 -|RB3403|คณาจารย์
001201|Critical Reading and Effective Writing การอ่านอย่างมีวิจารณญาณและการเขียนอย่างมีประสิทธิภาพ|106|MTh|1430-1600 -|RB5203|คณาจารย์
001201|Critical Reading and Effective Writing การอ่านอย่างมีวิจารณญาณและการเขียนอย่างมีประสิทธิภาพ|107|MTh|1430-1600 -|RB3206|คณาจารย์
001201|Critical Reading and Effective Writing การอ่านอย่างมีวิจารณญาณและการเขียนอย่างมีประสิทธิภาพ|108|MTh|1430-1600 -|RB5205|คณาจารย์
001201|Critical Reading and Effective Writing การอ่านอย่างมีวิจารณญาณและการเขียนอย่างมีประสิทธิภาพ|109|MTh|1430-1600 -|RB5307|คณาจารย์
001201|Critical Reading and Effective Writing การอ่านอย่างมีวิจารณญาณและการเขียนอย่างมีประสิทธิภาพ|110|MTh|1430-1600 -|RB3402|คณาจารย์
001201|Critical Reading and Effective Writing การอ่านอย่างมีวิจารณญาณและการเขียนอย่างมีประสิทธิภาพ|111|MTh|1430-1600 -|RB5304|คณาจารย์
001201|Critical Reading and Effective Writing การอ่านอย่างมีวิจารณญาณและการเขียนอย่างมีประสิทธิภาพ|112|MTh|1430-1600 -|RB5404|คณาจารย์
001201|Critical Reading and Effective Writing การอ่านอย่างมีวิจารณญาณและการเขียนอย่างมีประสิทธิภาพ|113|TuF|0800-0930 -|RB5407|คณาจารย์
001201|Critical Reading and Effective Writing การอ่านอย่างมีวิจารณญาณและการเขียนอย่างมีประสิทธิภาพ|114|TuF|0800-0930 -|RB5304|คณาจารย์
001201|Critical Reading and Effective Writing การอ่านอย่างมีวิจารณญาณและการเขียนอย่างมีประสิทธิภาพ|115|TuF|0800-0930 -|RB3402|คณาจารย์
001201|Critical Reading and Effective Writing การอ่านอย่างมีวิจารณญาณและการเขียนอย่างมีประสิทธิภาพ|116|TuF|0800-0930 -|RB5202|คณาจารย์
001201|Critical Reading and Effective Writing การอ่านอย่างมีวิจารณญาณและการเขียนอย่างมีประสิทธิภาพ|117|TuF|0800-0930 -|RB5306|คณาจารย์
001201|Critical Reading and Effective Writing การอ่านอย่างมีวิจารณญาณและการเขียนอย่างมีประสิทธิภาพ|118|TuF|0800-0930 -|RB5105|คณาจารย์
001201|Critical Reading and Effective Writing การอ่านอย่างมีวิจารณญาณและการเขียนอย่างมีประสิทธิภาพ|119|TuF|0800-0930 -|RB3305|คณาจารย์
001201|Critical Reading and Effective Writing การอ่านอย่างมีวิจารณญาณและการเขียนอย่างมีประสิทธิภาพ|120|TuF|0800-0930 -|RB5309|คณาจารย์
001201|Critical Reading and Effective Writing การอ่านอย่างมีวิจารณญาณและการเขียนอย่างมีประสิทธิภาพ|121|TuF|0800-0930 -|RB3201|คณาจารย์
001201|Critical Reading and Effective Writing การอ่านอย่างมีวิจารณญาณและการเขียนอย่างมีประสิทธิภาพ|122|TuF|0800-0930 -|RB5204|คณาจารย์
001201|Critical Reading and Effective Writing การอ่านอย่างมีวิจารณญาณและการเขียนอย่างมีประสิทธิภาพ|123|TuF|0930-1100 -|RB5202|คณาจารย์
001201|Critical Reading and Effective Writing การอ่านอย่างมีวิจารณญาณและการเขียนอย่างมีประสิทธิภาพ|124|TuF|0930-1100 -|RB5307|คณาจารย์
001201|Critical Reading and Effective Writing การอ่านอย่างมีวิจารณญาณและการเขียนอย่างมีประสิทธิภาพ|125|TuF|0930-1100 -|RB5306|คณาจารย์
001201|Critical Reading and Effective Writing การอ่านอย่างมีวิจารณญาณและการเขียนอย่างมีประสิทธิภาพ|126|TuF|0930-1100 -|RB5308|คณาจารย์
001201|Critical Reading and Effective Writing การอ่านอย่างมีวิจารณญาณและการเขียนอย่างมีประสิทธิภาพ|127|TuF|0930-1100 -|RB5310|คณาจารย์
001201|Critical Reading and Effective Writing การอ่านอย่างมีวิจารณญาณและการเขียนอย่างมีประสิทธิภาพ|128|TuF|0930-1100 -|RB5303|คณาจารย์
001201|Critical Reading and Effective Writing การอ่านอย่างมีวิจารณญาณและการเขียนอย่างมีประสิทธิภาพ|129|TuF|0930-1100 -|RB5404|คณาจารย์
001201|Critical Reading and Effective Writing การอ่านอย่างมีวิจารณญาณและการเขียนอย่างมีประสิทธิภาพ|130|TuF|0930-1100 -|RB3210|คณาจารย์
001201|Critical Reading and Effective Writing การอ่านอย่างมีวิจารณญาณและการเขียนอย่างมีประสิทธิภาพ|131|TuF|0930-1100 -|RB5304|คณาจารย์
001201|Critical Reading and Effective Writing การอ่านอย่างมีวิจารณญาณและการเขียนอย่างมีประสิทธิภาพ|132|TuF|0930-1100 -|RB3205|คณาจารย์
001201|Critical Reading and Effective Writing การอ่านอย่างมีวิจารณญาณและการเขียนอย่างมีประสิทธิภาพ|133|TuF|0930-1100 -|RB3405|คณาจารย์
001201|Critical Reading and Effective Writing การอ่านอย่างมีวิจารณญาณและการเขียนอย่างมีประสิทธิภาพ|134|TuF|0930-1100 -|RB5411|คณาจารย์
001201|Critical Reading and Effective Writing การอ่านอย่างมีวิจารณญาณและการเขียนอย่างมีประสิทธิภาพ|135|TuF|0930-1100 -|RB5409|คณาจารย์
001201|Critical Reading and Effective Writing การอ่านอย่างมีวิจารณญาณและการเขียนอย่างมีประสิทธิภาพ|136|TuF|0930-1100 -|HB7703|คณาจารย์
001201|Critical Reading and Effective Writing การอ่านอย่างมีวิจารณญาณและการเขียนอย่างมีประสิทธิภาพ|137|TuF|0930-1100 -|RB3407|คณาจารย์
001201|Critical Reading and Effective Writing การอ่านอย่างมีวิจารณญาณและการเขียนอย่างมีประสิทธิภาพ|138|TuF|0930-1100 -|RB3304|คณาจารย์
001201|Critical Reading and Effective Writing การอ่านอย่างมีวิจารณญาณและการเขียนอย่างมีประสิทธิภาพ|139|TuF|0930-1100 -|RB3310|คณาจารย์
001201|Critical Reading and Effective Writing การอ่านอย่างมีวิจารณญาณและการเขียนอย่างมีประสิทธิภาพ|140|TuF|0930-1100 -|RB5401|คณาจารย์
001201|Critical Reading and Effective Writing การอ่านอย่างมีวิจารณญาณและการเขียนอย่างมีประสิทธิภาพ|141|TuF|0930-1100 -|RB3408|คณาจารย์
001201|Critical Reading and Effective Writing การอ่านอย่างมีวิจารณญาณและการเขียนอย่างมีประสิทธิภาพ|142|TuF|0930-1100 -|RB3411|คณาจารย์
001201|Critical Reading and Effective Writing การอ่านอย่างมีวิจารณญาณและการเขียนอย่างมีประสิทธิภาพ|143|TuF|0930-1100 -|RB3302|คณาจารย์
001201|Critical Reading and Effective Writing การอ่านอย่างมีวิจารณญาณและการเขียนอย่างมีประสิทธิภาพ|144|TuF|0930-1100 -|RB3207|คณาจารย์
001201|Critical Reading and Effective Writing การอ่านอย่างมีวิจารณญาณและการเขียนอย่างมีประสิทธิภาพ|145|TuF|1100-1230 -|RB3403|คณาจารย์
001201|Critical Reading and Effective Writing การอ่านอย่างมีวิจารณญาณและการเขียนอย่างมีประสิทธิภาพ|146|TuF|1100-1230 -|RB5406|คณาจารย์
001201|Critical Reading and Effective Writing การอ่านอย่างมีวิจารณญาณและการเขียนอย่างมีประสิทธิภาพ|147|TuF|1100-1230 -|RB5409|คณาจารย์
001201|Critical Reading and Effective Writing การอ่านอย่างมีวิจารณญาณและการเขียนอย่างมีประสิทธิภาพ|148|TuF|1100-1230 -|RB5402|คณาจารย์
001201|Critical Reading and Effective Writing การอ่านอย่างมีวิจารณญาณและการเขียนอย่างมีประสิทธิภาพ|149|TuF|1100-1230 -|RB5303|คณาจารย์
001201|Critical Reading and Effective Writing การอ่านอย่างมีวิจารณญาณและการเขียนอย่างมีประสิทธิภาพ|150|TuF|1100-1230 -|HB7507|คณาจารย์
001201|Critical Reading and Effective Writing การอ่านอย่างมีวิจารณญาณและการเขียนอย่างมีประสิทธิภาพ|151|TuF|1100-1230 -|RB5206|คณาจารย์
001201|Critical Reading and Effective Writing การอ่านอย่างมีวิจารณญาณและการเขียนอย่างมีประสิทธิภาพ|152|TuF|1100-1230 -|RB5205|คณาจารย์
001201|Critical Reading and Effective Writing การอ่านอย่างมีวิจารณญาณและการเขียนอย่างมีประสิทธิภาพ|153|TuF|1100-1230 -|RB5411|คณาจารย์
001201|Critical Reading and Effective Writing การอ่านอย่างมีวิจารณญาณและการเขียนอย่างมีประสิทธิภาพ|154|TuF|1100-1230 -|RB3210|คณาจารย์
001201|Critical Reading and Effective Writing การอ่านอย่างมีวิจารณญาณและการเขียนอย่างมีประสิทธิภาพ|155|TuF|1100-1230 -|RB3304|คณาจารย์
001201|Critical Reading and Effective Writing การอ่านอย่างมีวิจารณญาณและการเขียนอย่างมีประสิทธิภาพ|156|TuF|1100-1230 -|RB5202|คณาจารย์
001201|Critical Reading and Effective Writing การอ่านอย่างมีวิจารณญาณและการเขียนอย่างมีประสิทธิภาพ|157|TuF|1100-1230 -|RB3405|คณาจารย์
001201|Critical Reading and Effective Writing การอ่านอย่างมีวิจารณญาณและการเขียนอย่างมีประสิทธิภาพ|158|TuF|1100-1230 -|RB5302|คณาจารย์
001201|Critical Reading and Effective Writing การอ่านอย่างมีวิจารณญาณและการเขียนอย่างมีประสิทธิภาพ|159|TuF|1100-1230 -|RB5203|คณาจารย์
001201|Critical Reading and Effective Writing การอ่านอย่างมีวิจารณญาณและการเขียนอย่างมีประสิทธิภาพ|160|TuF|1100-1230 -|RB3206|คณาจารย์
001201|Critical Reading and Effective Writing การอ่านอย่างมีวิจารณญาณและการเขียนอย่างมีประสิทธิภาพ|161|TuF|1300-1430 -|RB5305|คณาจารย์
001201|Critical Reading and Effective Writing การอ่านอย่างมีวิจารณญาณและการเขียนอย่างมีประสิทธิภาพ|162|TuF|1300-1430 -|RB3406|คณาจารย์
001201|Critical Reading and Effective Writing การอ่านอย่างมีวิจารณญาณและการเขียนอย่างมีประสิทธิภาพ|163|TuF|1300-1430 -|RB3403|คณาจารย์
001201|Critical Reading and Effective Writing การอ่านอย่างมีวิจารณญาณและการเขียนอย่างมีประสิทธิภาพ|164|TuF|1300-1430 -|RB5209|คณาจารย์
001201|Critical Reading and Effective Writing การอ่านอย่างมีวิจารณญาณและการเขียนอย่างมีประสิทธิภาพ|165|TuF|1300-1430 -|RB5407|คณาจารย์
001201|Critical Reading and Effective Writing การอ่านอย่างมีวิจารณญาณและการเขียนอย่างมีประสิทธิภาพ|166|TuF|1300-1430 -|RB5406|คณาจารย์
001201|Critical Reading and Effective Writing การอ่านอย่างมีวิจารณญาณและการเขียนอย่างมีประสิทธิภาพ|167|TuF|1300-1430 -|RB5409|คณาจารย์
001201|Critical Reading and Effective Writing การอ่านอย่างมีวิจารณญาณและการเขียนอย่างมีประสิทธิภาพ|168|TuF|1300-1430 -|RB5302|คณาจารย์
001201|Critical Reading and Effective Writing การอ่านอย่างมีวิจารณญาณและการเขียนอย่างมีประสิทธิภาพ|169|TuF|1300-1430 -|RB3304|คณาจารย์
001201|Critical Reading and Effective Writing การอ่านอย่างมีวิจารณญาณและการเขียนอย่างมีประสิทธิภาพ|170|TuF|1300-1430 -|HB7604|คณาจารย์
001201|Critical Reading and Effective Writing การอ่านอย่างมีวิจารณญาณและการเขียนอย่างมีประสิทธิภาพ|171|TuF|1300-1430 -|RB5308|คณาจารย์
001201|Critical Reading and Effective Writing การอ่านอย่างมีวิจารณญาณและการเขียนอย่างมีประสิทธิภาพ|172|TuF|1300-1430 -|RB3310|คณาจารย์
001201|Critical Reading and Effective Writing การอ่านอย่างมีวิจารณญาณและการเขียนอย่างมีประสิทธิภาพ|173|TuF|1300-1430 -|RB5410|คณาจารย์
001201|Critical Reading and Effective Writing การอ่านอย่างมีวิจารณญาณและการเขียนอย่างมีประสิทธิภาพ|174|TuF|1300-1430 -|RB5411|คณาจารย์
001201|Critical Reading and Effective Writing การอ่านอย่างมีวิจารณญาณและการเขียนอย่างมีประสิทธิภาพ|175|TuF|1430-1600 -|RB5103|คณาจารย์
001201|Critical Reading and Effective Writing การอ่านอย่างมีวิจารณญาณและการเขียนอย่างมีประสิทธิภาพ|176|TuF|1430-1600 -|RB5205|คณาจารย์
001201|Critical Reading and Effective Writing การอ่านอย่างมีวิจารณญาณและการเขียนอย่างมีประสิทธิภาพ|177|TuF|1430-1600 -|RB5207|คณาจารย์
001201|Critical Reading and Effective Writing การอ่านอย่างมีวิจารณญาณและการเขียนอย่างมีประสิทธิภาพ|178|TuF|1430-1600 -|RB3402|คณาจารย์
001201|Critical Reading and Effective Writing การอ่านอย่างมีวิจารณญาณและการเขียนอย่างมีประสิทธิภาพ|179|TuF|1430-1600 -|RB5404|คณาจารย์
001201|Critical Reading and Effective Writing การอ่านอย่างมีวิจารณญาณและการเขียนอย่างมีประสิทธิภาพ|180|MTh|0800-0930 -|RB3304|คณาจารย์
001201|Critical Reading and Effective Writing การอ่านอย่างมีวิจารณญาณและการเขียนอย่างมีประสิทธิภาพ|181|MTh|0800-0930 -|RB5105|คณาจารย์
001201|Critical Reading and Effective Writing การอ่านอย่างมีวิจารณญาณและการเขียนอย่างมีประสิทธิภาพ|186|TuF|1430-1600 -|RB3203|คณาจารย์
001201|Critical Reading and Effective Writing การอ่านอย่างมีวิจารณญาณและการเขียนอย่างมีประสิทธิภาพ|187|TuF|1430-1600 -|RB3205|คณาจารย์
001201|Critical Reading and Effective Writing การอ่านอย่างมีวิจารณญาณและการเขียนอย่างมีประสิทธิภาพ|188|TuF|1430-1600 -|RB3211|คณาจารย์
001201|Critical Reading and Effective Writing การอ่านอย่างมีวิจารณญาณและการเขียนอย่างมีประสิทธิภาพ|701|MTh|0800-0930 -|RB3303|คณาจารย์
001201|Critical Reading and Effective Writing การอ่านอย่างมีวิจารณญาณและการเขียนอย่างมีประสิทธิภาพ|702|MTh|0800-0930 -|RB3302|คณาจารย์
001201|Critical Reading and Effective Writing การอ่านอย่างมีวิจารณญาณและการเขียนอย่างมีประสิทธิภาพ|703|MTh|1100-1230 -|RB5204|คณาจารย์
001201|Critical Reading and Effective Writing การอ่านอย่างมีวิจารณญาณและการเขียนอย่างมีประสิทธิภาพ|704|MTh|1100-1230 -|RB3211|คณาจารย์
001201|Critical Reading and Effective Writing การอ่านอย่างมีวิจารณญาณและการเขียนอย่างมีประสิทธิภาพ|705|MTh|1100-1230 -|RB3307|คณาจารย์
001201|Critical Reading and Effective Writing การอ่านอย่างมีวิจารณญาณและการเขียนอย่างมีประสิทธิภาพ|707|MTh|1300-1430 -|RB5104|คณาจารย์
001201|Critical Reading and Effective Writing การอ่านอย่างมีวิจารณญาณและการเขียนอย่างมีประสิทธิภาพ|710|MTh|1430-1600 -|RB5105|คณาจารย์
001201|Critical Reading and Effective Writing การอ่านอย่างมีวิจารณญาณและการเขียนอย่างมีประสิทธิภาพ|712|TuF|1300-1430 -|RB5105|คณาจารย์
001201|Critical Reading and Effective Writing การอ่านอย่างมีวิจารณญาณและการเขียนอย่างมีประสิทธิภาพ|713|TuF|1300-1430 -|RB5203|คณาจารย์
001201|Critical Reading and Effective Writing การอ่านอย่างมีวิจารณญาณและการเขียนอย่างมีประสิทธิภาพ|714|TuF|1430-1600 -|RB5203|คณาจารย์
001201|Critical Reading and Effective Writing การอ่านอย่างมีวิจารณญาณและการเขียนอย่างมีประสิทธิภาพ|715|TuF|1430-1600 -|RB5104|คณาจารย์
001201|Critical Reading and Effective Writing การอ่านอย่างมีวิจารณญาณและการเขียนอย่างมีประสิทธิภาพ|716|MTh|0930-1100 -|RB3410|คณาจารย์
001201|Critical Reading and Effective Writing การอ่านอย่างมีวิจารณญาณและการเขียนอย่างมีประสิทธิภาพ|718|MTh|0930-1100 -|RB5105|คณาจารย์
001201|Critical Reading and Effective Writing การอ่านอย่างมีวิจารณญาณและการเขียนอย่างมีประสิทธิภาพ|719|MTh|1100-1230 -|RB5105|คณาจารย์
001201|Critical Reading and Effective Writing การอ่านอย่างมีวิจารณญาณและการเขียนอย่างมีประสิทธิภาพ|720|MTh|1430-1600 -|RB5103|คณาจารย์
001201|Critical Reading and Effective Writing การอ่านอย่างมีวิจารณญาณและการเขียนอย่างมีประสิทธิภาพ|721|TuF|0930-1100 -|RB3208|คณาจารย์
001201|Critical Reading and Effective Writing การอ่านอย่างมีวิจารณญาณและการเขียนอย่างมีประสิทธิภาพ|722|TuF|1300-1430 -|RB3208|คณาจารย์
001201|Critical Reading and Effective Writing การอ่านอย่างมีวิจารณญาณและการเขียนอย่างมีประสิทธิภาพ|723|MTh|1430-1600 -|RB3205|คณาจารย์
001201|Critical Reading and Effective Writing การอ่านอย่างมีวิจารณญาณและการเขียนอย่างมีประสิทธิภาพ|801|MTh|1630-1800 -|ENG212|คณาจารย์
001201|Critical Reading and Effective Writing การอ่านอย่างมีวิจารณญาณและการเขียนอย่างมีประสิทธิภาพ|802|MTh|1630-1800 -|ENG214|คณาจารย์
001201|Critical Reading and Effective Writing การอ่านอย่างมีวิจารณญาณและการเขียนอย่างมีประสิทธิภาพ|803|MTh|1630-1800 -|ENG312|คณาจารย์
001201|Critical Reading and Effective Writing การอ่านอย่างมีวิจารณญาณและการเขียนอย่างมีประสิทธิภาพ|804|MTh|1800-1930 -|ENG212|คณาจารย์
001201|Critical Reading and Effective Writing การอ่านอย่างมีวิจารณญาณและการเขียนอย่างมีประสิทธิภาพ|805|MTh|1800-1930 -|ENG214|คณาจารย์
001201|Critical Reading and Effective Writing การอ่านอย่างมีวิจารณญาณและการเขียนอย่างมีประสิทธิภาพ|806|Sa|0900-1200 -|HB7505|คณาจารย์
001201|Critical Reading and Effective Writing การอ่านอย่างมีวิจารณญาณและการเขียนอย่างมีประสิทธิภาพ|807|Sa|0900-1200 -|HB7506|คณาจารย์
001201|Critical Reading and Effective Writing การอ่านอย่างมีวิจารณญาณและการเขียนอย่างมีประสิทธิภาพ|808|Sa|0900-1200 -|HB7507|คณาจารย์
001201|Critical Reading and Effective Writing การอ่านอย่างมีวิจารณญาณและการเขียนอย่างมีประสิทธิภาพ|809|Sa|0900-1200 -|HB7508|คณาจารย์
001201|Critical Reading and Effective Writing การอ่านอย่างมีวิจารณญาณและการเขียนอย่างมีประสิทธิภาพ|810|Th|1630-1930 -|HB7502|คณาจารย์
001201|Critical Reading and Effective Writing การอ่านอย่างมีวิจารณญาณและการเขียนอย่างมีประสิทธิภาพ|811|Th|1630-1930 -|HB7503|คณาจารย์
001201|Critical Reading and Effective Writing การอ่านอย่างมีวิจารณญาณและการเขียนอย่างมีประสิทธิภาพ|812|Sa|0900-1200 -|BAB1312|คณาจารย์
001201|Critical Reading and Effective Writing การอ่านอย่างมีวิจารณญาณและการเขียนอย่างมีประสิทธิภาพ|813|Sa|0900-1200 -|BAB1313|คณาจารย์
001201|Critical Reading and Effective Writing การอ่านอย่างมีวิจารณญาณและการเขียนอย่างมีประสิทธิภาพ|814|Sa|0900-1200 -|BAB1321|คณาจารย์
001201|Critical Reading and Effective Writing การอ่านอย่างมีวิจารณญาณและการเขียนอย่างมีประสิทธิภาพ|815|Sa|0900-1200 -|BAB1331|คณาจารย์
001201|Critical Reading and Effective Writing การอ่านอย่างมีวิจารณญาณและการเขียนอย่างมีประสิทธิภาพ|816|Sa|0900-1200 -|BAB1341|คณาจารย์
001201|Critical Reading and Effective Writing การอ่านอย่างมีวิจารณญาณและการเขียนอย่างมีประสิทธิภาพ|817|Sa|0900-1200 -|BAB1343|คณาจารย์
001201|Critical Reading and Effective Writing การอ่านอย่างมีวิจารณญาณและการเขียนอย่างมีประสิทธิภาพ|818|Sa|0900-1200 -|BAB1323|คณาจารย์
201114|Environmental Science in Today’s World วิทยาศาสตร์สิ่งแวดล้อมในโลกปัจจุบัน|001|MTh|0930-1100 -|SCB1100|สุทธาธร ไชยเรืองศรี Co-Instruc เดีย พนิตนาถ แชนนอน ธนียา เจติยานุกรกุล สุทธาธร ไชยเรืองศรี ว่าน วิริยา ณัตติพร ยะบึง สุภัทรชัย ศักดิ์สกุลไกร
201114|Environmental Science in Today’s World วิทยาศาสตร์สิ่งแวดล้อมในโลกปัจจุบัน|002|TuF|1100-1230 -|SCB2100|สุทธาธร ไชยเรืองศรี Co-Instruc เดีย พนิตนาถ แชนนอน ธนียา เจติยานุกรกุล สุทธาธร ไชยเรืองศรี ว่าน วิริยา ณัตติพร ยะบึง สุภัทรชัย ศักดิ์สกุลไกร
201114|Environmental Science in Today’s World วิทยาศาสตร์สิ่งแวดล้อมในโลกปัจจุบัน|003|TuF|1430-1600 -|CB2440|สุทธาธร ไชยเรืองศรี Co-Instruc เดีย พนิตนาถ แชนนอน ธนียา เจติยานุกรกุล สุทธาธร ไชยเรืองศรี ว่าน วิริยา ณัตติพร ยะบึง สุภัทรชัย ศักดิ์สกุลไกร
204252|Data Structures and Analysis โครงสร้างข้อมูลและการวิเคราะห์|001|MTh|0930-1100 -|CSB201|ฐาปนพงษ์ รักกาญจนันท์
204252|Data Structures and Analysis โครงสร้างข้อมูลและการวิเคราะห์|002|MTh|0930-1100 -|CSB202|จักริน ชวชาติ
001225|English for Science and Technology ภาษาอังกฤษสำหรับวิทยาศาสตร์และเทคโนโลยี|001|MTh|0930-1100 -|RB5203|คณาจารย์
001225|English for Science and Technology ภาษาอังกฤษสำหรับวิทยาศาสตร์และเทคโนโลยี|002|MTh|0930-1100 -|RB3304|คณาจารย์
001225|English for Science and Technology ภาษาอังกฤษสำหรับวิทยาศาสตร์และเทคโนโลยี|003|MTh|1100-1230 -|RB5408|คณาจารย์
001225|English for Science and Technology ภาษาอังกฤษสำหรับวิทยาศาสตร์และเทคโนโลยี|004|MTh|1100-1230 -|RB5403|คณาจารย์
001225|English for Science and Technology ภาษาอังกฤษสำหรับวิทยาศาสตร์และเทคโนโลยี|005|MTh|1100-1230 -|RB5310|คณาจารย์
001225|English for Science and Technology ภาษาอังกฤษสำหรับวิทยาศาสตร์และเทคโนโลยี|006|MTh|1100-1230 -|RB3408|คณาจารย์
001225|English for Science and Technology ภาษาอังกฤษสำหรับวิทยาศาสตร์และเทคโนโลยี|007|MTh|1300-1430 -|RB5308|คณาจารย์
001225|English for Science and Technology ภาษาอังกฤษสำหรับวิทยาศาสตร์และเทคโนโลยี|008|MTh|1300-1430 -|RB5310|คณาจารย์
001225|English for Science and Technology ภาษาอังกฤษสำหรับวิทยาศาสตร์และเทคโนโลยี|009|TuF|0800-0930 -|RB5305|คณาจารย์
001225|English for Science and Technology ภาษาอังกฤษสำหรับวิทยาศาสตร์และเทคโนโลยี|010|TuF|0800-0930 -|RB5204|คณาจารย์
001225|English for Science and Technology ภาษาอังกฤษสำหรับวิทยาศาสตร์และเทคโนโลยี|011|TuF|0800-0930 -|RB5309|คณาจารย์
001225|English for Science and Technology ภาษาอังกฤษสำหรับวิทยาศาสตร์และเทคโนโลยี|012|TuF|0930-1100 -|RB3205|คณาจารย์
001225|English for Science and Technology ภาษาอังกฤษสำหรับวิทยาศาสตร์และเทคโนโลยี|013|TuF|1100-1230 -|RB3304|คณาจารย์
001225|English for Science and Technology ภาษาอังกฤษสำหรับวิทยาศาสตร์และเทคโนโลยี|014|TuF|1100-1230 -|RB5207|คณาจารย์
001225|English for Science and Technology ภาษาอังกฤษสำหรับวิทยาศาสตร์และเทคโนโลยี|015|TuF|1300-1430 -|RB5307|คณาจารย์
001225|English for Science and Technology ภาษาอังกฤษสำหรับวิทยาศาสตร์และเทคโนโลยี|016|TuF|0930-1100 -|RB5305|คณาจารย์
001225|English for Science and Technology ภาษาอังกฤษสำหรับวิทยาศาสตร์และเทคโนโลยี|017|MTh|1300-1430 -|RB3403|คณาจารย์
001225|English for Science and Technology ภาษาอังกฤษสำหรับวิทยาศาสตร์และเทคโนโลยี|018|MTh|1430-1600 -|RB5405|คณาจารย์
001225|English for Science and Technology ภาษาอังกฤษสำหรับวิทยาศาสตร์และเทคโนโลยี|019|TuF|0930-1100 -|RB5206|คณาจารย์
001225|English for Science and Technology ภาษาอังกฤษสำหรับวิทยาศาสตร์และเทคโนโลยี|020|TuF|0930-1100 -|RB5103|คณาจารย์
001225|English for Science and Technology ภาษาอังกฤษสำหรับวิทยาศาสตร์และเทคโนโลยี|021|TuF|1300-1430 -|RB3401|คณาจารย์
001225|English for Science and Technology ภาษาอังกฤษสำหรับวิทยาศาสตร์และเทคโนโลยี|022|MTh|0930-1100 -|RB3208|คณาจารย์
001225|English for Science and Technology ภาษาอังกฤษสำหรับวิทยาศาสตร์และเทคโนโลยี|023|TuF|1100-1230 -|RB5204|คณาจารย์
001225|English for Science and Technology ภาษาอังกฤษสำหรับวิทยาศาสตร์และเทคโนโลยี|024|TuF|1300-1430 -|RB5308|คณาจารย์
001225|English for Science and Technology ภาษาอังกฤษสำหรับวิทยาศาสตร์และเทคโนโลยี|025|TuF|1430-1600 -|RB5205|คณาจารย์
001225|English for Science and Technology ภาษาอังกฤษสำหรับวิทยาศาสตร์และเทคโนโลยี|026|MTh|0930-1100 -|RB3203|คณาจารย์
001225|English for Science and Technology ภาษาอังกฤษสำหรับวิทยาศาสตร์และเทคโนโลยี|027|TuF|1300-1430 -|RB5309|คณาจารย์
001225|English for Science and Technology ภาษาอังกฤษสำหรับวิทยาศาสตร์และเทคโนโลยี|028|MTh|1300-1430 -|RB5408|คณาจารย์
001225|English for Science and Technology ภาษาอังกฤษสำหรับวิทยาศาสตร์และเทคโนโลยี|029|TuF|1100-1230 -|RB3201|คณาจารย์
001225|English for Science and Technology ภาษาอังกฤษสำหรับวิทยาศาสตร์และเทคโนโลยี|030|TuF|1430-1600 -|RB5206|คณาจารย์
001225|English for Science and Technology ภาษาอังกฤษสำหรับวิทยาศาสตร์และเทคโนโลยี|031|TuF|0930-1100 -|RB3206|คณาจารย์
001225|English for Science and Technology ภาษาอังกฤษสำหรับวิทยาศาสตร์และเทคโนโลยี|032|TuF|0930-1100 -|RB5104|คณาจารย์
001225|English for Science and Technology ภาษาอังกฤษสำหรับวิทยาศาสตร์และเทคโนโลยี|033|TuF|0930-1100 -|RB3308|คณาจารย์
001225|English for Science and Technology ภาษาอังกฤษสำหรับวิทยาศาสตร์และเทคโนโลยี|034|MTh|1430-1600 -|RB5406|คณาจารย์
001225|English for Science and Technology ภาษาอังกฤษสำหรับวิทยาศาสตร์และเทคโนโลยี|035|TuF|1100-1230 -|RB3205|คณาจารย์
001225|English for Science and Technology ภาษาอังกฤษสำหรับวิทยาศาสตร์และเทคโนโลยี|036|TuF|0930-1100 -|RB5410|คณาจารย์
001225|English for Science and Technology ภาษาอังกฤษสำหรับวิทยาศาสตร์และเทคโนโลยี|037|MTh|1600-1730 -|HB7505|คณาจารย์
001225|English for Science and Technology ภาษาอังกฤษสำหรับวิทยาศาสตร์และเทคโนโลยี|038|MTh|1600-1730 -|TBA|คณาจารย์
001225|English for Science and Technology ภาษาอังกฤษสำหรับวิทยาศาสตร์และเทคโนโลยี|039|TuF|1300-1430 -|RB5205|คณาจารย์
001225|English for Science and Technology ภาษาอังกฤษสำหรับวิทยาศาสตร์และเทคโนโลยี|040|MTh|1430-1600 -|RB5104|คณาจารย์
001225|English for Science and Technology ภาษาอังกฤษสำหรับวิทยาศาสตร์และเทคโนโลยี|041|MTh|1100-1230 -|RB5406|คณาจารย์
001225|English for Science and Technology ภาษาอังกฤษสำหรับวิทยาศาสตร์และเทคโนโลยี|042|MTh|1600-1730 -|TBA|คณาจารย์
001225|English for Science and Technology ภาษาอังกฤษสำหรับวิทยาศาสตร์และเทคโนโลยี|043|TuF|0800-0930 -|RB3302|คณาจารย์
001225|English for Science and Technology ภาษาอังกฤษสำหรับวิทยาศาสตร์และเทคโนโลยี|044|MTh|1300-1430 -|RB3401|คณาจารย์
001225|English for Science and Technology ภาษาอังกฤษสำหรับวิทยาศาสตร์และเทคโนโลยี|701|MTh|0930-1100 -|RB5402|คณาจารย์
001225|English for Science and Technology ภาษาอังกฤษสำหรับวิทยาศาสตร์และเทคโนโลยี|702|MTh|0930-1100 -|HB5200|คณาจารย์
001225|English for Science and Technology ภาษาอังกฤษสำหรับวิทยาศาสตร์และเทคโนโลยี|703|MTh|0930-1100 -|RB5104|คณาจารย์
001225|English for Science and Technology ภาษาอังกฤษสำหรับวิทยาศาสตร์และเทคโนโลยี|704|MTh|0800-0930 -|RB3303|คณาจารย์
001225|English for Science and Technology ภาษาอังกฤษสำหรับวิทยาศาสตร์และเทคโนโลยี|705|TuF|0800-0930 -|RB3301|คณาจารย์
001225|English for Science and Technology ภาษาอังกฤษสำหรับวิทยาศาสตร์และเทคโนโลยี|706|TuF|0800-0930 -|TBA|คณาจารย์
001225|English for Science and Technology ภาษาอังกฤษสำหรับวิทยาศาสตร์และเทคโนโลยี|707|TuF|0930-1100 -|RB3203|คณาจารย์
001225|English for Science and Technology ภาษาอังกฤษสำหรับวิทยาศาสตร์และเทคโนโลยี|708|TuF|0930-1100 -|TBA|คณาจารย์
001225|English for Science and Technology ภาษาอังกฤษสำหรับวิทยาศาสตร์และเทคโนโลยี|709|MTh|0800-0930 -|RB3205|คณาจารย์
001225|English for Science and Technology ภาษาอังกฤษสำหรับวิทยาศาสตร์และเทคโนโลยี|710|MTh|0800-0930 -|RB3309|คณาจารย์
001225|English for Science and Technology ภาษาอังกฤษสำหรับวิทยาศาสตร์และเทคโนโลยี|711|MTh|0800-0930 -|RB5105|คณาจารย์
001225|English for Science and Technology ภาษาอังกฤษสำหรับวิทยาศาสตร์และเทคโนโลยี|712|MTh|0800-0930 -|RB5102|คณาจารย์
001225|English for Science and Technology ภาษาอังกฤษสำหรับวิทยาศาสตร์และเทคโนโลยี|801|TuF|1630-1800 -|ENG311|คณาจารย์
001225|English for Science and Technology ภาษาอังกฤษสำหรับวิทยาศาสตร์และเทคโนโลยี|802|TuF|1800-1930 -|ENG311|คณาจารย์
001225|English for Science and Technology ภาษาอังกฤษสำหรับวิทยาศาสตร์และเทคโนโลยี|803|TuF|1630-1800 -|TBA|คณาจารย์
001225|English for Science and Technology ภาษาอังกฤษสำหรับวิทยาศาสตร์และเทคโนโลยี|804|TuF|1800-1930 -|ENG312|คณาจารย์
001225|English for Science and Technology ภาษาอังกฤษสำหรับวิทยาศาสตร์และเทคโนโลยี|805|TuF|1630-1800 -|ENG214|คณาจารย์
001225|English for Science and Technology ภาษาอังกฤษสำหรับวิทยาศาสตร์และเทคโนโลยี|806|TuF|1800-1930 -|ENG214|คณาจารย์
001201|Critical Reading and Effective Writing การอ่านอย่างมีวิจารณญาณและการเขียนอย่างมีประสิทธิภาพ|001|M-F|1100-1230 -|RB5302|คณาจารย์
001201|Critical Reading and Effective Writing การอ่านอย่างมีวิจารณญาณและการเขียนอย่างมีประสิทธิภาพ|002|M-F|1100-1230 -|RB5303|คณาจารย์
001201|Critical Reading and Effective Writing การอ่านอย่างมีวิจารณญาณและการเขียนอย่างมีประสิทธิภาพ|003|M-F|0930-1100 -|RB5206|คณาจารย์
001201|Critical Reading and Effective Writing การอ่านอย่างมีวิจารณญาณและการเขียนอย่างมีประสิทธิภาพ|004|M-F|0930-1100 -|RB5207|คณาจารย์
001201|Critical Reading and Effective Writing การอ่านอย่างมีวิจารณญาณและการเขียนอย่างมีประสิทธิภาพ|005|M-F|1100-1230 -|RB5204|คณาจารย์
001201|Critical Reading and Effective Writing การอ่านอย่างมีวิจารณญาณและการเขียนอย่างมีประสิทธิภาพ|006|M-F|1100-1230 -|RB5205|คณาจารย์
001201|Critical Reading and Effective Writing การอ่านอย่างมีวิจารณญาณและการเขียนอย่างมีประสิทธิภาพ|007|M-F|0930-1100 -|RB5208|คณาจารย์
001201|Critical Reading and Effective Writing การอ่านอย่างมีวิจารณญาณและการเขียนอย่างมีประสิทธิภาพ|008|M-F|0930-1100 -|RB5209|คณาจารย์
001201|Critical Reading and Effective Writing การอ่านอย่างมีวิจารณญาณและการเขียนอย่างมีประสิทธิภาพ|009|M-F|0800-0930 -|RB5207|คณาจารย์
001201|Critical Reading and Effective Writing การอ่านอย่างมีวิจารณญาณและการเขียนอย่างมีประสิทธิภาพ|010|M-F|0800-0930 -|RB5208|คณาจารย์
001201|Critical Reading and Effective Writing การอ่านอย่างมีวิจารณญาณและการเขียนอย่างมีประสิทธิภาพ|011|M-F|1100-1230 -|RB5206|คณาจารย์
001201|Critical Reading and Effective Writing การอ่านอย่างมีวิจารณญาณและการเขียนอย่างมีประสิทธิภาพ|012|M-F|0930-1100 -|RB5210|คณาจารย์
001201|Critical Reading and Effective Writing การอ่านอย่างมีวิจารณญาณและการเขียนอย่างมีประสิทธิภาพ|013|M-F|0930-1100 -|RB5302|คณาจารย์
001201|Critical Reading and Effective Writing การอ่านอย่างมีวิจารณญาณและการเขียนอย่างมีประสิทธิภาพ|018|M-F|0800-0930 -|RB5209|คณาจารย์
001201|Critical Reading and Effective Writing การอ่านอย่างมีวิจารณญาณและการเขียนอย่างมีประสิทธิภาพ|019|M-F|0800-0930 -|RB5210|คณาจารย์
001201|Critical Reading and Effective Writing การอ่านอย่างมีวิจารณญาณและการเขียนอย่างมีประสิทธิภาพ|020|M-F|0800-0930 -|RB5302|คณาจารย์
001201|Critical Reading and Effective Writing การอ่านอย่างมีวิจารณญาณและการเขียนอย่างมีประสิทธิภาพ|021|M-F|0800-0930 -|TBA|คณาจารย์
001201|Critical Reading and Effective Writing การอ่านอย่างมีวิจารณญาณและการเขียนอย่างมีประสิทธิภาพ|022|M-F|0800-0930 -|TBA|คณาจารย์
001201|Critical Reading and Effective Writing การอ่านอย่างมีวิจารณญาณและการเขียนอย่างมีประสิทธิภาพ|024|M-F|0930-1100 -|RB5303|คณาจารย์
001201|Critical Reading and Effective Writing การอ่านอย่างมีวิจารณญาณและการเขียนอย่างมีประสิทธิภาพ|025|M-F|0930-1100 -|RB5304|คณาจารย์
001201|Critical Reading and Effective Writing การอ่านอย่างมีวิจารณญาณและการเขียนอย่างมีประสิทธิภาพ|026|M-F|0930-1100 -|RB5305|คณาจารย์
001201|Critical Reading and Effective Writing การอ่านอย่างมีวิจารณญาณและการเขียนอย่างมีประสิทธิภาพ|027|M-F|0930-1100 -|TBA|คณาจารย์
001201|Critical Reading and Effective Writing การอ่านอย่างมีวิจารณญาณและการเขียนอย่างมีประสิทธิภาพ|028|M-F|0800-0930 -|TBA|คณาจารย์
001201|Critical Reading and Effective Writing การอ่านอย่างมีวิจารณญาณและการเขียนอย่างมีประสิทธิภาพ|030|M-F|0930-1100 -|TBA|คณาจารย์
001201|Critical Reading and Effective Writing การอ่านอย่างมีวิจารณญาณและการเขียนอย่างมีประสิทธิภาพ|031|M-F|0930-1100 -|RB5103|คณาจารย์
001201|Critical Reading and Effective Writing การอ่านอย่างมีวิจารณญาณและการเขียนอย่างมีประสิทธิภาพ|032|M-F|1100-1230 -|RB5210|คณาจารย์
001201|Critical Reading and Effective Writing การอ่านอย่างมีวิจารณญาณและการเขียนอย่างมีประสิทธิภาพ|033|M-F|1100-1230 -|RB5309|คณาจารย์
001201|Critical Reading and Effective Writing การอ่านอย่างมีวิจารณญาณและการเขียนอย่างมีประสิทธิภาพ|034|M-F|1100-1230 -|RB5104|คณาจารย์
001201|Critical Reading and Effective Writing การอ่านอย่างมีวิจารณญาณและการเขียนอย่างมีประสิทธิภาพ|035|M-F|0930-1100 -|TBA|คณาจารย์
001201|Critical Reading and Effective Writing การอ่านอย่างมีวิจารณญาณและการเขียนอย่างมีประสิทธิภาพ|801|M-F|0930-1100 -|TBA (RB5104)|คณาจารย์
206281|Discrete Mathematics วิยุตคณิต|001|TuF|1300-1430 -|MB2111|ธีระพงษ์ สุขสำราญ
206281|Discrete Mathematics วิยุตคณิต|002|MTh|1430-1600 -|MB2213-14|วรรณศิริ วรรณสิทธิ์
206281|Discrete Mathematics วิยุตคณิต Teaching medium is in English/เรียนเป็นภาษาอังกฤษ|701|MTh|0930-1100 -|SCB4303|จูลิน ลิคะสิริ
204482|Simulation and Modelling การจำลองแบบปัญหาและแบบจำลอง|001|TuF|1300-1430 -|CSB201|เสมอแข สมหอม
208251|Regression Analysis and Non-parametric Statistics การวิเคราะห์การถดถอยและสถิติไม่อิงพารามิเตอร์|001|Mo Th|1100-1300 1100-1300|SCB4204-05 SCB4202|ปาริชาต ภัทรพานิชชัย
208251|Regression Analysis and Non-parametric Statistics การวิเคราะห์การถดถอยและสถิติไม่อิงพารามิเตอร์|701|Tu Fr|0900-1100 0900-1100|STB 205 SCB4204-05|กมลรัตน์ สุภาวรรณ Co-Instruc ปาริชาต ภัทรพานิชชัย
206325|Linear Algebra พีชคณิตเชิงเส้น Teaching medium is in English/เรียนเป็นภาษาอังกฤษ|001|TuF|1100-1230 -|MB2111|ธนดล ชาวบ้านเกาะ
206325|Linear Algebra พีชคณิตเชิงเส้น|002|MTh|0930-1100 -|SCB4201 ดูแผนที่|วารุนันท์ อินถาก้อน
206325|Linear Algebra พีชคณิตเชิงเส้น|801|TuF|1100-1230 -|MB2111|ธนดล ชาวบ้านเกาะ
954471|Business Data Mining การทำเหมืองข้อมูลธุรกิจ|001|Tu Tu|1300-1500 1500-1700|ILC-C207 ILC-C207|ภาสิทธิ์ เจริญขวัญ
954471|Business Data Mining การทำเหมืองข้อมูลธุรกิจ|701|Tu Tu|1300-1500 1500-1700|ILC-C207 (Teaching medium is in THAI) ILC-C207 (Teaching medium is in THAI)|ภาสิทธิ์ เจริญขวัญ
208150|Probability and Statistics ความน่าจะเป็นและสถิติ|001|TuF|0930-1100 -|RB5101|พิษณุ เจียวคุณ
208150|Probability and Statistics ความน่าจะเป็นและสถิติ|002|TuF|0930-1100 -|BB1100|กุณฑลี ไชยสี
208150|Probability and Statistics ความน่าจะเป็นและสถิติ|701|TuF|1100-1230 -|SCB 1100|วิสุนีย์ ผักกาด
208150|Probability and Statistics ความน่าจะเป็นและสถิติ|702|TuF|1100-1230 -|STB 302|กุณฑลี ไชยสี
208150|Probability and Statistics ความน่าจะเป็นและสถิติ|801|TuF|1630-1800 -|EG2-403|กุณฑลี ไชยสี
001102|Fundamental English 2 ภาษาอังกฤษพื้นฐาน 2|004|M-F|0930-1100 -|RB5203|คณาจารย์
001102|Fundamental English 2 ภาษาอังกฤษพื้นฐาน 2|005|M-F|0930-1100 -|RB5204|คณาจารย์
001102|Fundamental English 2 ภาษาอังกฤษพื้นฐาน 2|006|M-F|0800-0930 -|RB5203|คณาจารย์
001102|Fundamental English 2 ภาษาอังกฤษพื้นฐาน 2|007|M-F|0800-0930 -|RB5204|คณาจารย์
001102|Fundamental English 2 ภาษาอังกฤษพื้นฐาน 2|008|M-F|1100-1230 -|RB5405|คณาจารย์
001102|Fundamental English 2 ภาษาอังกฤษพื้นฐาน 2|009|M-F|1100-1230 -|RB5203|คณาจารย์
001102|Fundamental English 2 ภาษาอังกฤษพื้นฐาน 2|014|M-F|0930-1100 -|RB5205|คณาจารย์
001102|Fundamental English 2 ภาษาอังกฤษพื้นฐาน 2|015|M-F|0930-1100 -|RB5410|คณาจารย์
001102|Fundamental English 2 ภาษาอังกฤษพื้นฐาน 2|801|TBA|TBA-TBA -|TBA|คณาจารย์
001102|Fundamental English 2 ภาษาอังกฤษพื้นฐาน 2|001|MTh|0800-0930 -|RB5307|คณาจารย์
001102|Fundamental English 2 ภาษาอังกฤษพื้นฐาน 2|002|MTh|0800-0930 -|RB5409|คณาจารย์
001102|Fundamental English 2 ภาษาอังกฤษพื้นฐาน 2|003|MTh|0800-0930 -|RB5411|คณาจารย์
001102|Fundamental English 2 ภาษาอังกฤษพื้นฐาน 2|004|MTh|0800-0930 -|RB3410|คณาจารย์
001102|Fundamental English 2 ภาษาอังกฤษพื้นฐาน 2|005|MTh|0800-0930 -|RB5405|คณาจารย์
001102|Fundamental English 2 ภาษาอังกฤษพื้นฐาน 2|006|MTh|0800-0930 -|HB7605|คณาจารย์
001102|Fundamental English 2 ภาษาอังกฤษพื้นฐาน 2|007|MTh|0800-0930 -|RB5205|คณาจารย์
001102|Fundamental English 2 ภาษาอังกฤษพื้นฐาน 2|008|MTh|0800-0930 -|RB3403|คณาจารย์
001102|Fundamental English 2 ภาษาอังกฤษพื้นฐาน 2|009|MTh|0800-0930 -|RB3310|คณาจารย์
001102|Fundamental English 2 ภาษาอังกฤษพื้นฐาน 2|010|MTh|0800-0930 -|RB5309|คณาจารย์
001102|Fundamental English 2 ภาษาอังกฤษพื้นฐาน 2|011|MTh|0800-0930 -|RB5208|คณาจารย์
001102|Fundamental English 2 ภาษาอังกฤษพื้นฐาน 2|012|MTh|0800-0930 -|RB5310|คณาจารย์
001102|Fundamental English 2 ภาษาอังกฤษพื้นฐาน 2|013|MTh|0800-0930 -|RB3202|คณาจารย์
001102|Fundamental English 2 ภาษาอังกฤษพื้นฐาน 2|014|MTh|0930-1100 -|RB3302|คณาจารย์
001102|Fundamental English 2 ภาษาอังกฤษพื้นฐาน 2|015|MTh|0930-1100 -|RB5402|คณาจารย์
001102|Fundamental English 2 ภาษาอังกฤษพื้นฐาน 2|016|MTh|0930-1100 -|RB5309|คณาจารย์
001102|Fundamental English 2 ภาษาอังกฤษพื้นฐาน 2|017|MTh|0930-1100 -|RB5411|คณาจารย์
001102|Fundamental English 2 ภาษาอังกฤษพื้นฐาน 2|018|MTh|0930-1100 -|RB3205|คณาจารย์
001102|Fundamental English 2 ภาษาอังกฤษพื้นฐาน 2|019|MTh|0930-1100 -|RB5310|คณาจารย์
001102|Fundamental English 2 ภาษาอังกฤษพื้นฐาน 2|020|MTh|0930-1100 -|RB5305|คณาจารย์
001102|Fundamental English 2 ภาษาอังกฤษพื้นฐาน 2|021|MTh|0930-1100 -|RB3305|คณาจารย์
001102|Fundamental English 2 ภาษาอังกฤษพื้นฐาน 2|022|MTh|0930-1100 -|RB3301|คณาจารย์
001102|Fundamental English 2 ภาษาอังกฤษพื้นฐาน 2|023|MTh|0930-1100 -|HB7604|คณาจารย์
001102|Fundamental English 2 ภาษาอังกฤษพื้นฐาน 2|024|MTh|0930-1100 -|RB5204|คณาจารย์
001102|Fundamental English 2 ภาษาอังกฤษพื้นฐาน 2|025|MTh|0930-1100 -|RB3402|คณาจารย์
001102|Fundamental English 2 ภาษาอังกฤษพื้นฐาน 2|026|MTh|0930-1100 -|RB3405|คณาจารย์
001102|Fundamental English 2 ภาษาอังกฤษพื้นฐาน 2|027|MTh|0930-1100 -|RB3210|คณาจารย์
001102|Fundamental English 2 ภาษาอังกฤษพื้นฐาน 2|031|MTh|1100-1230 -|RB3403|คณาจารย์
001102|Fundamental English 2 ภาษาอังกฤษพื้นฐาน 2|032|MTh|1100-1230 -|RB5310|คณาจารย์
001102|Fundamental English 2 ภาษาอังกฤษพื้นฐาน 2|033|MTh|1100-1230 -|RB5210|คณาจารย์
001102|Fundamental English 2 ภาษาอังกฤษพื้นฐาน 2|034|MTh|1100-1230 -|RB5208|คณาจารย์
001102|Fundamental English 2 ภาษาอังกฤษพื้นฐาน 2|035|MTh|1100-1230 -|RB3410|คณาจารย์
001102|Fundamental English 2 ภาษาอังกฤษพื้นฐาน 2|036|MTh|1100-1230 -|RB3402|คณาจารย์
001102|Fundamental English 2 ภาษาอังกฤษพื้นฐาน 2|037|MTh|1100-1230 -|RB5402|คณาจารย์
001102|Fundamental English 2 ภาษาอังกฤษพื้นฐาน 2|038|MTh|1100-1230 -|RB5410|คณาจารย์
001102|Fundamental English 2 ภาษาอังกฤษพื้นฐาน 2|039|MTh|1100-1230 -|RB5203|คณาจารย์
001102|Fundamental English 2 ภาษาอังกฤษพื้นฐาน 2|040|MTh|1100-1230 -|RB5403|คณาจารย์
001102|Fundamental English 2 ภาษาอังกฤษพื้นฐาน 2|041|MTh|1100-1230 -|RB3405|คณาจารย์
001102|Fundamental English 2 ภาษาอังกฤษพื้นฐาน 2|042|MTh|1100-1230 -|RB3406|คณาจารย์
001102|Fundamental English 2 ภาษาอังกฤษพื้นฐาน 2|043|MTh|1100-1230 -|RB5406|คณาจารย์
001102|Fundamental English 2 ภาษาอังกฤษพื้นฐาน 2|047|MTh|1300-1430 -|RB5207|คณาจารย์
001102|Fundamental English 2 ภาษาอังกฤษพื้นฐาน 2|048|MTh|1300-1430 -|RB5210|คณาจารย์
001102|Fundamental English 2 ภาษาอังกฤษพื้นฐาน 2|049|MTh|1300-1430 -|RB5405|คณาจารย์
001102|Fundamental English 2 ภาษาอังกฤษพื้นฐาน 2|050|MTh|1300-1430 -|RB3304|คณาจารย์
001102|Fundamental English 2 ภาษาอังกฤษพื้นฐาน 2|051|MTh|1300-1430 -|RB5203|คณาจารย์
001102|Fundamental English 2 ภาษาอังกฤษพื้นฐาน 2|052|MTh|1300-1430 -|HB7606|คณาจารย์
001102|Fundamental English 2 ภาษาอังกฤษพื้นฐาน 2|053|MTh|1300-1430 -|RB5202|คณาจารย์
001102|Fundamental English 2 ภาษาอังกฤษพื้นฐาน 2|054|MTh|1300-1430 -|HB7608|คณาจารย์
001102|Fundamental English 2 ภาษาอังกฤษพื้นฐาน 2|055|MTh|1300-1430 -|RB5205|คณาจารย์
001102|Fundamental English 2 ภาษาอังกฤษพื้นฐาน 2|056|MTh|1300-1430 -|RB5208|คณาจารย์
001102|Fundamental English 2 ภาษาอังกฤษพื้นฐาน 2|057|MTh|1300-1430 -|RB5306|คณาจารย์
001102|Fundamental English 2 ภาษาอังกฤษพื้นฐาน 2|058|MTh|1300-1430 -|RB3405|คณาจารย์
001102|Fundamental English 2 ภาษาอังกฤษพื้นฐาน 2|059|MTh|1300-1430 -|RB3410|คณาจารย์
001102|Fundamental English 2 ภาษาอังกฤษพื้นฐาน 2|060|MTh|1300-1430 -|RB3305|คณาจารย์
001102|Fundamental English 2 ภาษาอังกฤษพื้นฐาน 2|061|MTh|1300-1430 -|HB7604|คณาจารย์
001102|Fundamental English 2 ภาษาอังกฤษพื้นฐาน 2|062|MTh|1300-1430 -|RB5309|คณาจารย์
001102|Fundamental English 2 ภาษาอังกฤษพื้นฐาน 2|063|MTh|1300-1430 -|RB5302|คณาจารย์
001102|Fundamental English 2 ภาษาอังกฤษพื้นฐาน 2|064|MTh|1300-1430 -|RB5410|คณาจารย์
001102|Fundamental English 2 ภาษาอังกฤษพื้นฐาน 2|065|MTh|1430-1600 -|RB5207|คณาจารย์
001102|Fundamental English 2 ภาษาอังกฤษพื้นฐาน 2|066|MTh|1430-1600 -|HB7509|คณาจารย์
001102|Fundamental English 2 ภาษาอังกฤษพื้นฐาน 2|067|MTh|1430-1600 -|RB5302|คณาจารย์
001102|Fundamental English 2 ภาษาอังกฤษพื้นฐาน 2|068|MTh|1430-1600 -|RB5202|คณาจารย์
001102|Fundamental English 2 ภาษาอังกฤษพื้นฐาน 2|069|MTh|1430-1600 -|RB5405|คณาจารย์
001102|Fundamental English 2 ภาษาอังกฤษพื้นฐาน 2|070|MTh|1430-1600 -|RB3210|คณาจารย์
001102|Fundamental English 2 ภาษาอังกฤษพื้นฐาน 2|071|MTh|1430-1600 -|HB7711|คณาจารย์
001102|Fundamental English 2 ภาษาอังกฤษพื้นฐาน 2|072|MTh|1430-1600 -|RB3305|คณาจารย์
001102|Fundamental English 2 ภาษาอังกฤษพื้นฐาน 2|073|MTh|1430-1600 -|RB5209|คณาจารย์
001102|Fundamental English 2 ภาษาอังกฤษพื้นฐาน 2|074|MTh|1430-1600 -|RB5408|คณาจารย์
001102|Fundamental English 2 ภาษาอังกฤษพื้นฐาน 2|075|MTh|1430-1600 -|RB5210|คณาจารย์
001102|Fundamental English 2 ภาษาอังกฤษพื้นฐาน 2|076|MTh|1430-1600 -|RB5204|คณาจารย์
001102|Fundamental English 2 ภาษาอังกฤษพื้นฐาน 2|078|TuF|0800-0930 -|RB5205|คณาจารย์
001102|Fundamental English 2 ภาษาอังกฤษพื้นฐาน 2|079|TuF|0800-0930 -|RB5305|คณาจารย์
001102|Fundamental English 2 ภาษาอังกฤษพื้นฐาน 2|080|TuF|0800-0930 -|RB3309|คณาจารย์
001102|Fundamental English 2 ภาษาอังกฤษพื้นฐาน 2|081|TuF|0800-0930 -|RB5210|คณาจารย์
001102|Fundamental English 2 ภาษาอังกฤษพื้นฐาน 2|082|TuF|0800-0930 -|RB3310|คณาจารย์
001102|Fundamental English 2 ภาษาอังกฤษพื้นฐาน 2|083|TuF|0800-0930 -|RB3411|คณาจารย์
001102|Fundamental English 2 ภาษาอังกฤษพื้นฐาน 2|084|TuF|0800-0930 -|RB3406|คณาจารย์
001102|Fundamental English 2 ภาษาอังกฤษพื้นฐาน 2|085|TuF|0800-0930 -|RB3401|คณาจารย์
001102|Fundamental English 2 ภาษาอังกฤษพื้นฐาน 2|086|TuF|0800-0930 -|RB5310|คณาจารย์
001102|Fundamental English 2 ภาษาอังกฤษพื้นฐาน 2|087|TuF|0800-0930 -|RB5207|คณาจารย์
001102|Fundamental English 2 ภาษาอังกฤษพื้นฐาน 2|088|TuF|0800-0930 -|RB5404|คณาจารย์
001102|Fundamental English 2 ภาษาอังกฤษพื้นฐาน 2|089|TuF|0930-1100 -|RB5209|คณาจารย์
001102|Fundamental English 2 ภาษาอังกฤษพื้นฐาน 2|090|TuF|0930-1100 -|RB5206|คณาจารย์
001102|Fundamental English 2 ภาษาอังกฤษพื้นฐาน 2|091|TuF|0930-1100 -|RB5406|คณาจารย์
001102|Fundamental English 2 ภาษาอังกฤษพื้นฐาน 2|092|TuF|0930-1100 -|RB3402|คณาจารย์
001102|Fundamental English 2 ภาษาอังกฤษพื้นฐาน 2|093|TuF|0930-1100 -|RB3403|คณาจารย์
001102|Fundamental English 2 ภาษาอังกฤษพื้นฐาน 2|094|TuF|0930-1100 -|RB5408|คณาจารย์
001102|Fundamental English 2 ภาษาอังกฤษพื้นฐาน 2|095|TuF|0930-1100 -|RB5210|คณาจารย์
001102|Fundamental English 2 ภาษาอังกฤษพื้นฐาน 2|096|TuF|0930-1100 -|RB3410|คณาจารย์
001102|Fundamental English 2 ภาษาอังกฤษพื้นฐาน 2|097|TuF|0930-1100 -|HB7801|คณาจารย์
001102|Fundamental English 2 ภาษาอังกฤษพื้นฐาน 2|098|TuF|0930-1100 -|RB3406|คณาจารย์
001102|Fundamental English 2 ภาษาอังกฤษพื้นฐาน 2|099|TuF|0930-1100 -|RB5204|คณาจารย์
001102|Fundamental English 2 ภาษาอังกฤษพื้นฐาน 2|101|TuF|0930-1100 -|RB5305|คณาจารย์
001102|Fundamental English 2 ภาษาอังกฤษพื้นฐาน 2|102|TuF|0930-1100 -|RB5207|คณาจารย์
001102|Fundamental English 2 ภาษาอังกฤษพื้นฐาน 2|103|TuF|0930-1100 -|RB5208|คณาจารย์
001102|Fundamental English 2 ภาษาอังกฤษพื้นฐาน 2|105|TuF|1100-1230 -|RB5310|คณาจารย์
001102|Fundamental English 2 ภาษาอังกฤษพื้นฐาน 2|106|TuF|1100-1230 -|RB5209|คณาจารย์
001102|Fundamental English 2 ภาษาอังกฤษพื้นฐาน 2|107|TuF|1100-1230 -|RB5207|คณาจารย์
001102|Fundamental English 2 ภาษาอังกฤษพื้นฐาน 2|108|TuF|1100-1230 -|RB5208|คณาจารย์
001102|Fundamental English 2 ภาษาอังกฤษพื้นฐาน 2|109|TuF|1100-1230 -|RB5410|คณาจารย์
001102|Fundamental English 2 ภาษาอังกฤษพื้นฐาน 2|110|TuF|1100-1230 -|RB3411|คณาจารย์
001102|Fundamental English 2 ภาษาอังกฤษพื้นฐาน 2|111|TuF|1100-1230 -|RB5405|คณาจารย์
001102|Fundamental English 2 ภาษาอังกฤษพื้นฐาน 2|112|TuF|1100-1230 -|RB3406|คณาจารย์
001102|Fundamental English 2 ภาษาอังกฤษพื้นฐาน 2|113|TuF|1100-1230 -|RB5204|คณาจารย์
001102|Fundamental English 2 ภาษาอังกฤษพื้นฐาน 2|114|TuF|1100-1230 -|RB5309|คณาจารย์
001102|Fundamental English 2 ภาษาอังกฤษพื้นฐาน 2|115|TuF|1300-1430 -|RB5309|คณาจารย์
001102|Fundamental English 2 ภาษาอังกฤษพื้นฐาน 2|116|TuF|1300-1430 -|HB7607|คณาจารย์
001102|Fundamental English 2 ภาษาอังกฤษพื้นฐาน 2|117|TuF|1300-1430 -|RB3210|คณาจารย์
001102|Fundamental English 2 ภาษาอังกฤษพื้นฐาน 2|119|TuF|1300-1430 -|RB5412|คณาจารย์
001102|Fundamental English 2 ภาษาอังกฤษพื้นฐาน 2|120|TuF|1300-1430 -|RB5404|คณาจารย์
001102|Fundamental English 2 ภาษาอังกฤษพื้นฐาน 2|121|TuF|1300-1430 -|RB5210|คณาจารย์
001102|Fundamental English 2 ภาษาอังกฤษพื้นฐาน 2|123|TuF|1300-1430 -|HB7502|คณาจารย์
001102|Fundamental English 2 ภาษาอังกฤษพื้นฐาน 2|125|TuF|1300-1430 -|RB5206|คณาจารย์
001102|Fundamental English 2 ภาษาอังกฤษพื้นฐาน 2|128|TuF|1300-1430 -|RB3305|คณาจารย์
001102|Fundamental English 2 ภาษาอังกฤษพื้นฐาน 2|129|TuF|1430-1600 -|RB5308|คณาจารย์
001102|Fundamental English 2 ภาษาอังกฤษพื้นฐาน 2|130|TuF|1430-1600 -|RB5105|คณาจารย์
001102|Fundamental English 2 ภาษาอังกฤษพื้นฐาน 2|131|TuF|1430-1600 -|RB5202|คณาจารย์
001102|Fundamental English 2 ภาษาอังกฤษพื้นฐาน 2|132|TuF|0800-0930 -|RB5406|คณาจารย์
001102|Fundamental English 2 ภาษาอังกฤษพื้นฐาน 2|133|TuF|1100-1230 -|RB5210|คณาจารย์
001102|Fundamental English 2 ภาษาอังกฤษพื้นฐาน 2|134|TuF|1430-1600 -|RB3410|คณาจารย์
001102|Fundamental English 2 ภาษาอังกฤษพื้นฐาน 2|135|TuF|0800-0930 -|RB5302|คณาจารย์
001102|Fundamental English 2 ภาษาอังกฤษพื้นฐาน 2|136|TuF|1430-1600 -|RB3210|คณาจารย์
001102|Fundamental English 2 ภาษาอังกฤษพื้นฐาน 2|137|TuF|1430-1600 -|RB3406|คณาจารย์
001102|Fundamental English 2 ภาษาอังกฤษพื้นฐาน 2|138|TuF|1430-1600 -|RB5307|คณาจารย์
001102|Fundamental English 2 ภาษาอังกฤษพื้นฐาน 2|139|TuF|1430-1600 -|RB5209|คณาจารย์
001102|Fundamental English 2 ภาษาอังกฤษพื้นฐาน 2|142|MTh|0800-0930 -|RB3402|คณาจารย์
001102|Fundamental English 2 ภาษาอังกฤษพื้นฐาน 2|143|MTh|0800-0930 -|RB5210|คณาจารย์
001102|Fundamental English 2 ภาษาอังกฤษพื้นฐาน 2|144|MTh|0800-0930 -|RB5403|คณาจารย์
001102|Fundamental English 2 ภาษาอังกฤษพื้นฐาน 2|149|MTh|1430-1600 -|RB5206|คณาจารย์
001102|Fundamental English 2 ภาษาอังกฤษพื้นฐาน 2|151|MTh|1430-1600 -|RB5303|คณาจารย์
001102|Fundamental English 2 ภาษาอังกฤษพื้นฐาน 2|152|TuF|0800-0930 -|RB3203|คณาจารย์
001102|Fundamental English 2 ภาษาอังกฤษพื้นฐาน 2|153|TuF|0800-0930 -|RB5209|คณาจารย์
001102|Fundamental English 2 ภาษาอังกฤษพื้นฐาน 2|154|TuF|0800-0930 -|RB5303|คณาจารย์
001102|Fundamental English 2 ภาษาอังกฤษพื้นฐาน 2|155|TuF|0800-0930 -|RB5307|คณาจารย์
001102|Fundamental English 2 ภาษาอังกฤษพื้นฐาน 2|160|TuF|1100-1230 -|RB5307|คณาจารย์
001102|Fundamental English 2 ภาษาอังกฤษพื้นฐาน 2|161|TuF|1100-1230 -|RB5403|คณาจารย์
001102|Fundamental English 2 ภาษาอังกฤษพื้นฐาน 2|163|TuF|1100-1230 -|HB7702|คณาจารย์
001102|Fundamental English 2 ภาษาอังกฤษพื้นฐาน 2|165|TuF|1100-1230 -|RB3410|คณาจารย์
001102|Fundamental English 2 ภาษาอังกฤษพื้นฐาน 2|166|TuF|1430-1600 -|RB5206|คณาจารย์
001102|Fundamental English 2 ภาษาอังกฤษพื้นฐาน 2|167|TuF|1430-1600 -|RB5208|คณาจารย์
001102|Fundamental English 2 ภาษาอังกฤษพื้นฐาน 2|168|TuF|1430-1600 -|RB5304|คณาจารย์
001102|Fundamental English 2 ภาษาอังกฤษพื้นฐาน 2|171|TuF|1430-1600 -|RB5405|คณาจารย์
001102|Fundamental English 2 ภาษาอังกฤษพื้นฐาน 2|172|TuF|1430-1600 -|HB7401|คณาจารย์
001102|Fundamental English 2 ภาษาอังกฤษพื้นฐาน 2|173|TuF|1430-1600 -|RB5407|คณาจารย์
001102|Fundamental English 2 ภาษาอังกฤษพื้นฐาน 2|178|TuF|1300-1430 -|RB5403|คณาจารย์
001102|Fundamental English 2 ภาษาอังกฤษพื้นฐาน 2|179|TuF|1300-1430 -|HB7710|คณาจารย์
001102|Fundamental English 2 ภาษาอังกฤษพื้นฐาน 2|180|TuF|1300-1430 -|RB5204|คณาจารย์
001102|Fundamental English 2 ภาษาอังกฤษพื้นฐาน 2|181|TuF|1300-1430 -|RB5202|คณาจารย์
001102|Fundamental English 2 ภาษาอังกฤษพื้นฐาน 2|184|TuF|1430-1600 -|RB5204|คณาจารย์
001102|Fundamental English 2 ภาษาอังกฤษพื้นฐาน 2|185|TuF|1430-1600 -|RB5210|คณาจารย์
001102|Fundamental English 2 ภาษาอังกฤษพื้นฐาน 2|186|TuF|1430-1600 -|RB5303|คณาจารย์
001102|Fundamental English 2 ภาษาอังกฤษพื้นฐาน 2|187|MTh|0930-1100 -|RB3401|คณาจารย์
001102|Fundamental English 2 ภาษาอังกฤษพื้นฐาน 2|701|MTh|0800-0930 -|RB5302|คณาจารย์
001102|Fundamental English 2 ภาษาอังกฤษพื้นฐาน 2|702|MTh|0800-0930 -|RB3206|คณาจารย์
001102|Fundamental English 2 ภาษาอังกฤษพื้นฐาน 2|703|MTh|0800-0930 -|RB5304|คณาจารย์
001102|Fundamental English 2 ภาษาอังกฤษพื้นฐาน 2|704|MTh|0800-0930 -|RB5203|คณาจารย์
001102|Fundamental English 2 ภาษาอังกฤษพื้นฐาน 2|705|MTh|0800-0930 -|RB3210|คณาจารย์
001102|Fundamental English 2 ภาษาอังกฤษพื้นฐาน 2|706|MTh|0800-0930 -|RB3203|คณาจารย์
001102|Fundamental English 2 ภาษาอังกฤษพื้นฐาน 2|707|MTh|0800-0930 -|RB3211|คณาจารย์
001102|Fundamental English 2 ภาษาอังกฤษพื้นฐาน 2|708|MTh|0800-0930 -|RB3301|คณาจารย์
001102|Fundamental English 2 ภาษาอังกฤษพื้นฐาน 2|709|MTh|0930-1100 -|RB5409|คณาจารย์
001102|Fundamental English 2 ภาษาอังกฤษพื้นฐาน 2|710|MTh|0930-1100 -|RB3309|คณาจารย์
001102|Fundamental English 2 ภาษาอังกฤษพื้นฐาน 2|711|MTh|0930-1100 -|HB7502|คณาจารย์
001102|Fundamental English 2 ภาษาอังกฤษพื้นฐาน 2|713|TuF|0800-0930 -|RB5203|คณาจารย์
001102|Fundamental English 2 ภาษาอังกฤษพื้นฐาน 2|714|MTh|1430-1600 -|RB3308|คณาจารย์
001102|Fundamental English 2 ภาษาอังกฤษพื้นฐาน 2|715|TuF|0930-1100 -|RB3202|คณาจารย์
001102|Fundamental English 2 ภาษาอังกฤษพื้นฐาน 2|716|TuF|0930-1100 -|RB3309|คณาจารย์
001102|Fundamental English 2 ภาษาอังกฤษพื้นฐาน 2|717|TuF|1100-1230 -|RB3303|คณาจารย์
001102|Fundamental English 2 ภาษาอังกฤษพื้นฐาน 2|718|TuF|1100-1230 -|RB3307|คณาจารย์
001102|Fundamental English 2 ภาษาอังกฤษพื้นฐาน 2|719|MTh|1100-1230 -|RB3310|คณาจารย์
001102|Fundamental English 2 ภาษาอังกฤษพื้นฐาน 2|720|MTh|1100-1230 -|RB3209|คณาจารย์
001102|Fundamental English 2 ภาษาอังกฤษพื้นฐาน 2|721|MTh|1300-1430 -|RB3209|คณาจารย์
001102|Fundamental English 2 ภาษาอังกฤษพื้นฐาน 2|722|MTh|0800-0930 -|RB3306|คณาจารย์
001102|Fundamental English 2 ภาษาอังกฤษพื้นฐาน 2|801|Tu|1630-1930 -|HB7503|คณาจารย์
001102|Fundamental English 2 ภาษาอังกฤษพื้นฐาน 2|802|Tu|1630-1930 -|HB7501|คณาจารย์
001102|Fundamental English 2 ภาษาอังกฤษพื้นฐาน 2|803|Mo|1630-1930 -|BAB1314|คณาจารย์
001102|Fundamental English 2 ภาษาอังกฤษพื้นฐาน 2|804|Mo|1630-1930 -|BAB1321|คณาจารย์
001102|Fundamental English 2 ภาษาอังกฤษพื้นฐาน 2|805|Mo|1630-1930 -|BAB1342|คณาจารย์
001102|Fundamental English 2 ภาษาอังกฤษพื้นฐาน 2|806|Mo|1630-1930 -|BAB1313|คณาจารย์
001102|Fundamental English 2 ภาษาอังกฤษพื้นฐาน 2|807|MTh|1630-1800 -|ENG211|คณาจารย์
001102|Fundamental English 2 ภาษาอังกฤษพื้นฐาน 2|808|MTh|1800-1930 -|ENG211|คณาจารย์
001102|Fundamental English 2 ภาษาอังกฤษพื้นฐาน 2|809|Mo|1630-1930 -|HB7504|คณาจารย์
001102|Fundamental English 2 ภาษาอังกฤษพื้นฐาน 2|810|Mo|1630-1930 -|HB7505|คณาจารย์
001102|Fundamental English 2 ภาษาอังกฤษพื้นฐาน 2|811|Mo|1630-1930 -|HB7509|คณาจารย์
001102|Fundamental English 2 ภาษาอังกฤษพื้นฐาน 2|812|Mo|1630-1930 -|HB7507|คณาจารย์
001102|Fundamental English 2 ภาษาอังกฤษพื้นฐาน 2|813|Mo|1630-1930 -|HB7508|คณาจารย์
140104|Citizenship การเป็นพลเมือง|001|MTh|0930-1100 -|Online|ชนินทร เพ็ญสูตร
140104|Citizenship การเป็นพลเมือง|002|MTh|1100-1230 -|Online|ชนินทร เพ็ญสูตร
140104|Citizenship การเป็นพลเมือง|003|MTh|1300-1430 -|Online|ไพลิน ภู่จีนาพันธุ์
140104|Citizenship การเป็นพลเมือง|004|MTh|1430-1600 -|Online|ชนินทร เพ็ญสูตร
140104|Citizenship การเป็นพลเมือง|005|MTh|1430-1600 -|Online|ไพลิน ภู่จีนาพันธุ์
140104|Citizenship การเป็นพลเมือง|006|TuF|0930-1100 -|Online|ชนินทร เพ็ญสูตร
140104|Citizenship การเป็นพลเมือง|007|TuF|1100-1230 -|Online|ชนินทร เพ็ญสูตร
140104|Citizenship การเป็นพลเมือง|008|TuF|1300-1430 -|Online|ไพลิน ภู่จีนาพันธุ์
140104|Citizenship การเป็นพลเมือง|009|TuF|1430-1600 -|Online|ไพลิน ภู่จีนาพันธุ์
140104|Citizenship การเป็นพลเมือง|010|TuF|0930-1100 -|Online|ชนินทร เพ็ญสูตร
140104|Citizenship การเป็นพลเมือง|011|TuF|1100-1230 -|Online|ชนินทร เพ็ญสูตร
140104|Citizenship การเป็นพลเมือง|012|TuF|1300-1430 -|Online|ไพลิน ภู่จีนาพันธุ์
140104|Citizenship การเป็นพลเมือง|013|TuF|1430-1600 -|Online|ไพลิน ภู่จีนาพันธุ์
140104|Citizenship การเป็นพลเมือง|014|TuF|1100-1230 -|Online|ชนินทร เพ็ญสูตร
140104|Citizenship การเป็นพลเมือง|015|TuF|1300-1430 -|ออนไลน์|ไพลิน ภู่จีนาพันธุ์
140104|Citizenship การเป็นพลเมือง Teaching medium is in English/เรียนเป็นภาษาอังกฤษ|701|MTh|1430-1600 -|Online|ภาณุวัฒน์ พันธุ์ประเสริฐ
140104|Citizenship การเป็นพลเมือง|702|MTh|1100-1230 -|Online|คณาจารย์
140104|Citizenship การเป็นพลเมือง|703|MTh|1300-1430 -|Online|คณาจารย์
140104|Citizenship การเป็นพลเมือง|801|We|1630-1930 -|Online|คณาจารย์
140104|Citizenship การเป็นพลเมือง|802|MTh|1430-1600 -|ออนไลน์|ไพลิน ภู่จีนาพันธุ์
140104|Citizenship การเป็นพลเมือง|803|TuF|1430-1600 -|ออนไลน์|ชนินทร เพ็ญสูตร
208251|Regression Analysis and Non-parametric Statistics การวิเคราะห์การถดถอยและสถิติไม่อิงพารามิเตอร์ Teaching medium is in English/เรียนเป็นภาษาอังกฤษ|001|Tu Fr|0900-1100 0900-1100|STB 205 SCB4204-05|ดลภาค พรนพรัตน์
208251|Regression Analysis and Non-parametric Statistics การวิเคราะห์การถดถอยและสถิติไม่อิงพารามิเตอร์|701|Tu Fr|0900-1100 0900-1100|STB 205 SCB4204-05|ดลภาค พรนพรัตน์
208150|Probability and Statistics ความน่าจะเป็นและสถิติ|001|MTh|0930-1100 -|RB5201|กุณฑลี ไชยสี Co-Instruc ปาริชาต ภัทรพานิชชัย
206325|Linear Algebra พีชคณิตเชิงเส้น Teaching medium is in English/เรียนเป็นภาษาอังกฤษ|001|TuF|1100-1230 -|SCB4201|ธนดล ชาวบ้านเกาะ
206325|Linear Algebra พีชคณิตเชิงเส้น|801|TuF|1100-1230 -|TBA|ธนดล ชาวบ้านเกาะ
204456|Machine Learning การเรียนรู้ของเครื่อง|001|TuF|1100-1230 -|CSB100|จักรเมธ บุตรกระจ่าง
229123|Fundamental Concept of Data Science แนวคิดพื้นฐานของวิทยาการข้อมูล|001|MTh|0800-0930 -|STB302 ดูแผนที่|พิมผกา ธานินพงศ์
229123|Fundamental Concept of Data Science แนวคิดพื้นฐานของวิทยาการข้อมูล|801|MTh|0800-0930 -|STB302|พิมผกา ธานินพงศ์
208250|Statistical Methods for Data Science วิธีเชิงสถิติสำหรับวิทยาการข้อมูล|001|Mo Th|1100-1300 1100-1300|SCB4204-05 STB107|เฉลิมรัช นนทะภา
208250|Statistical Methods for Data Science วิธีเชิงสถิติสำหรับวิทยาการข้อมูล Teaching medium is in English/เรียนเป็นภาษาอังกฤษ|701|Mo Th|1430-1630 1430-1630|RB5101 SCB4405-06|วิสุนีย์ ผักกาด
208250|Statistical Methods for Data Science วิธีเชิงสถิติสำหรับวิทยาการข้อมูล|702|Mo Th|1430-1630 1430-1630|SCB4405-06 RB5101|กมลรัตน์ สุภาวรรณ Co-Instruc ดลภาค พรนพรัตน์
